Period,Org Code,Parent Org,Org name,A&E attendances Type 1,A&E attendances Type 2,A&E attendances Other A&E Department,Attendances over 4hrs Type 1,Attendances over 4hrs Type 2,Attendances over 4hrs Other Department,Patients who have waited 4-12 hs from DTA to admission,Patients who have waited 12+ hrs from DTA to admission,Emergency admissions via A&E - Type 1,Emergency admissions via A&E - Type 2,Emergency admissions via A&E - Other A&E department,Other emergency admissions
MSitAE-MAY-2020,NTV0W,NHS ENGLAND SOUTH EAST ,WOKING WALK IN CENTRE,0,0,1194,0,0,0,0,0,0,0,0,0
MSitAE-MAY-2020,DD401,NHS ENGLAND SOUTH WEST ,EXMOUTH MINOR INJURY UNIT,0,0,553,0,0,0,0,0,0,0,0,0
MSitAE-MAY-2020,RY8,NHS ENGLAND MIDLANDS ,DERBYSHIRE COMMUNITY HEALTH SERVICES NHS FOUNDATION TRUST,0,0,4392,0,0,0,0,0,0,0,0,0
MSitAE-MAY-2020,NTV0B,NHS ENGLAND SOUTH EAST ,ASHFORD WALK-IN-CENTRE,0,0,1337,0,0,0,0,0,0,0,0,0
MSitAE-MAY-2020,NR3,NHS ENGLAND MIDLANDS ,NOTTINGHAM CITYCARE PARTNERSHIP,0,0,1790,0,0,0,0,0,0,0,0,0
MSitAE-MAY-2020,NQT5F,NHS ENGLAND NORTH WEST ,SKELMERSDALE WALK IN CENTRE,0,0,111,0,0,6,0,0,0,0,0,0
MSitAE-MAY-2020,RDY,NHS ENGLAND SOUTH WEST ,DORSET HEALTHCARE UNIVERSITY NHS FOUNDATION TRUST,0,0,0,0,0,0,0,0,0,0,4,6
MSitAE-MAY-2020,REF,NHS ENGLAND SOUTH WEST ,ROYAL CORNWALL HOSPITALS NHS TRUST,3697,0,6529,262,0,27,19,0,1632,0,28,1275
MSitAE-MAY-2020,NYM13,NHS ENGLAND LONDON,HHCIC EAST WIC,0,0,0,0,0,0,0,0,0,0,0,0
MSitAE-MAY-2020,8J094,NHS ENGLAND MIDLANDS ,BADGER LTD,0,0,0,0,0,0,0,0,0,0,0,0
MSitAE-MAY-2020,C82038,NHS ENGLAND MIDLANDS ,LATHAM HOUSE MEDICAL PRACTICE,0,0,140,0,0,0,0,0,0,0,0,0
MSitAE-MAY-2020,Y03007,NHS ENGLAND MIDLANDS ,ERDINGTON GP HEALTH & WELLBEING WIC,0,0,0,0,0,0,0,0,0,0,0,0
MSitAE-MAY-2020,RWY,NHS ENGLAND NORTH EAST AND YORKSHIRE ,CALDERDALE AND HUDDERSFIELD NHS FOUNDATION TRUST,9445,0,0,450,0,0,67,0,2387,0,0,792
MSitAE-MAY-2020,RBZ,NHS ENGLAND SOUTH WEST ,NORTHERN DEVON HEALTHCARE NHS TRUST,3030,0,0,197,0,0,15,0,989,0,0,292
MSitAE-MAY-2020,Y00751,NHS ENGLAND SOUTH EAST ,EAST BERKS PRIMARY CARE OOH(WAM),0,0,0,0,0,0,0,0,0,0,0,0
MSitAE-MAY-2020,NQT10,NHS ENGLAND SOUTH EAST ,ASSURA READING LLP,0,0,0,0,0,0,0,0,0,0,0,0
MSitAE-MAY-2020,C82009,NHS ENGLAND MIDLANDS ,MARKET HARBOROUGH MED.CTR,0,0,126,0,0,0,0,0,0,0,0,0
MSitAE-MAY-2020,RYY,NHS ENGLAND SOUTH EAST ,KENT COMMUNITY HEALTH NHS FOUNDATION TRUST,0,0,3838,0,0,10,0,0,0,0,0,0
MSitAE-MAY-2020,Y02961,NHS ENGLAND MIDLANDS ,SUMMERFIELD GP SURG & URGENT CARE CENTRE,0,0,903,0,0,0,0,0,0,0,0,0
MSitAE-MAY-2020,Y02615,NHS ENGLAND MIDLANDS ,SOUTH BIRMINGHAM GP WALK IN CENTRE,0,0,3079,0,0,0,0,0,0,0,0,0
MSitAE-MAY-2020,RPC,NHS ENGLAND SOUTH EAST ,QUEEN VICTORIA HOSPITAL NHS FOUNDATION TRUST,0,0,540,0,0,0,0,0,0,0,1,290
MSitAE-MAY-2020,RW1,NHS ENGLAND SOUTH EAST ,SOUTHERN HEALTH NHS FOUNDATION TRUST,0,0,494,0,0,0,0,0,0,0,2,176
MSitAE-MAY-2020,AQN04,NHS ENGLAND SOUTH EAST ,PHL LYMINGTON UTC,0,0,1104,0,0,0,0,0,0,0,0,0
MSitAE-MAY-2020,Y02532,NHS ENGLAND NORTH WEST ,MIRIAM MINOR EMERGENCY,0,0,558,0,0,0,0,0,0,0,0,0
MSitAE-MAY-2020,NQT5H,NHS ENGLAND SOUTH WEST ,PAULTON MEMORIAL HOSPITAL,0,0,54,0,0,0,0,0,0,0,0,0
MSitAE-MAY-2020,C83023,NHS ENGLAND MIDLANDS ,SLEAFORD MEDICAL GROUP,0,0,133,0,0,0,0,0,0,0,0,3
MSitAE-MAY-2020,Y02973,NHS ENGLAND LONDON,KINGS PARK SURGERY,0,0,0,0,0,0,0,0,0,0,0,0
MSitAE-MAY-2020,C82010,NHS ENGLAND MIDLANDS ,OAKHAM MEDICAL PRACTICE,0,0,115,0,0,0,0,0,0,0,0,0
MSitAE-MAY-2020,Y03218,NHS ENGLAND LONDON,THE PINN UNREGISTERED WIC,0,0,1235,0,0,0,0,0,0,0,0,0
MSitAE-MAY-2020,Y02816,NHS ENGLAND SOUTH EAST ,EASTBOURNE STATION HEALTH CENTRE,0,0,374,0,0,0,0,0,0,0,0,0
MSitAE-MAY-2020,Y03082,NHS ENGLAND LONDON,HAROLD WOOD WIC,0,0,2101,0,0,22,0,0,0,0,0,0
MSitAE-MAY-2020,AD913,NHS ENGLAND LONDON,BECKENHAM BEACON UCC,0,0,1997,0,0,1,0,0,0,0,0,0
MSitAE-MAY-2020,Y02572,NHS ENGLAND NORTH EAST AND YORKSHIRE ,PARK COMMUNITY PRACTICE,0,0,0,0,0,0,0,0,0,0,0,0
MSitAE-MAY-2020,RD3,NHS ENGLAND SOUTH WEST ,POOLE HOSPITAL NHS FOUNDATION TRUST,4119,0,1039,0,0,0,59,0,1286,0,0,1050
MSitAE-MAY-2020,ARN03,NHS ENGLAND NORTH EAST AND YORKSHIRE ,LOCAL CARE DIRECT,0,0,648,0,0,0,0,0,0,0,0,0
MSitAE-MAY-2020,Y03051,NHS ENGLAND SOUTH EAST ,HASTINGS MED P & WALKIN,0,0,277,0,0,0,0,0,0,0,0,0
MSitAE-MAY-2020,RVY,NHS ENGLAND NORTH WEST ,SOUTHPORT AND ORMSKIRK HOSPITAL NHS TRUST,4573,0,1455,255,0,0,28,0,1842,0,0,86
MSitAE-MAY-2020,RY4,NHS ENGLAND EAST OF ENGLAND ,HERTFORDSHIRE COMMUNITY NHS TRUST,0,0,742,0,0,1,0,0,0,0,0,0
MSitAE-MAY-2020,RW4,NHS ENGLAND NORTH WEST ,MERSEY CARE NHS FOUNDATION TRUST,0,0,679,0,0,0,0,0,0,0,0,105
MSitAE-MAY-2020,RXK,NHS ENGLAND MIDLANDS ,SANDWELL AND WEST BIRMINGHAM HOSPITALS NHS TRUST,7945,596,949,793,2,0,105,0,2249,7,0,387
MSitAE-MAY-2020,ARN02,NHS ENGLAND NORTH EAST AND YORKSHIRE ,ST.GEORGE'S CENTRE,0,0,1352,0,0,12,0,0,0,0,0,0
MSitAE-MAY-2020,RQX,NHS ENGLAND LONDON,HOMERTON UNIVERSITY HOSPITAL NHS FOUNDATION TRUST,5750,0,0,291,0,0,36,1,1082,0,0,136
MSitAE-MAY-2020,AAH,NHS ENGLAND SOUTH WEST ,TETBURY HOSPITAL TRUST LTD,0,0,130,0,0,0,0,0,0,0,0,0
MSitAE-MAY-2020,Y02676,NHS ENGLAND SOUTH EAST ,BRIGHTON STATION HEALTH CENTRE,0,0,575,0,0,0,0,0,0,0,0,0
MSitAE-MAY-2020,RLQ,NHS ENGLAND MIDLANDS ,WYE VALLEY NHS TRUST,4230,0,0,653,0,0,144,0,1199,0,0,67
MSitAE-MAY-2020,RXQ,NHS ENGLAND SOUTH EAST ,BUCKINGHAMSHIRE HEALTHCARE NHS TRUST,5305,937,1644,835,0,0,157,0,2583,651,0,545
MSitAE-MAY-2020,M85813,NHS ENGLAND MIDLANDS ,BIRMINGHAM WIC,0,0,495,0,0,0,0,0,0,0,0,0
MSitAE-MAY-2020,RA4,NHS ENGLAND SOUTH WEST ,YEOVIL DISTRICT HOSPITAL NHS FOUNDATION TRUST,3595,0,0,115,0,0,6,0,1227,0,0,321
MSitAE-MAY-2020,G82071,NHS ENGLAND SOUTH EAST ,WHITSTABLE MEDICAL PRACTICE,0,0,1612,0,0,0,0,0,0,0,0,0
MSitAE-MAY-2020,RLT,NHS ENGLAND MIDLANDS ,GEORGE ELIOT HOSPITAL NHS TRUST,4321,0,700,157,0,0,21,0,1338,0,0,20
MSitAE-MAY-2020,L83087,NHS ENGLAND SOUTH WEST ,OKEHAMPTON MEDICAL CENTRE,0,0,49,0,0,0,0,0,0,0,0,0
MSitAE-MAY-2020,RNU,NHS ENGLAND SOUTH EAST ,OXFORD HEALTH NHS FOUNDATION TRUST,0,0,1903,0,0,35,0,0,0,0,0,0
MSitAE-MAY-2020,RTV,NHS ENGLAND NORTH WEST ,NORTH WEST BOROUGHS HEALTHCARE NHS FOUNDATION TRUST,0,0,3365,0,0,0,0,0,0,0,0,0
MSitAE-MAY-2020,RTK,NHS ENGLAND SOUTH EAST ,ASHFORD AND ST PETER'S HOSPITALS NHS FOUNDATION TRUST,6351,0,0,236,0,0,21,5,1670,0,0,244
MSitAE-MAY-2020,RXC,NHS ENGLAND SOUTH EAST ,EAST SUSSEX HEALTHCARE NHS TRUST,7139,0,1960,438,0,0,55,0,2880,0,0,481
MSitAE-MAY-2020,AXG,NHS ENGLAND SOUTH WEST ,WILTSHIRE HEALTH & CARE,0,0,0,0,0,0,0,0,0,0,0,0
MSitAE-MAY-2020,RAT,NHS ENGLAND LONDON,NORTH EAST LONDON NHS FOUNDATION TRUST,0,0,2105,0,0,24,0,0,0,0,0,0
MSitAE-MAY-2020,NL7,NHS ENGLAND MIDLANDS ,ASSURA VERTIS URGENT CARE CENTRES (BIRMINGHAM),0,0,2161,0,0,0,0,0,0,0,0,0
MSitAE-MAY-2020,AJN,NHS ENGLAND NORTH EAST AND YORKSHIRE ,WORKINGTON HEALTH LIMITED,0,0,170,0,0,0,0,0,0,0,0,0
MSitAE-MAY-2020,RT3,NHS ENGLAND LONDON,ROYAL BROMPTON & HAREFIELD NHS FOUNDATION TRUST,0,0,0,0,0,0,0,0,0,0,0,189
MSitAE-MAY-2020,REP,NHS ENGLAND NORTH WEST ,LIVERPOOL WOMEN'S NHS FOUNDATION TRUST,0,1229,0,0,2,0,0,0,0,22,0,25
MSitAE-MAY-2020,RNQ,NHS ENGLAND MIDLANDS ,KETTERING GENERAL HOSPITAL NHS FOUNDATION TRUST,6083,0,0,0,0,0,93,0,1597,0,0,160
MSitAE-MAY-2020,RBT,NHS ENGLAND NORTH WEST ,MID CHESHIRE HOSPITALS NHS FOUNDATION TRUST,5196,0,813,246,0,0,24,0,2491,0,0,457
MSitAE-MAY-2020,RFR,NHS ENGLAND NORTH EAST AND YORKSHIRE ,THE ROTHERHAM NHS FOUNDATION TRUST,6015,0,0,0,0,0,86,0,1433,0,0,181
MSitAE-MAY-2020,RJN,NHS ENGLAND NORTH WEST ,EAST CHESHIRE NHS TRUST,3146,0,0,321,0,0,23,0,907,0,0,106
MSitAE-MAY-2020,RJC,NHS ENGLAND MIDLANDS ,SOUTH WARWICKSHIRE NHS FOUNDATION TRUST,4332,0,0,216,0,0,0,0,1182,0,0,381
MSitAE-MAY-2020,RV9,NHS ENGLAND NORTH EAST AND YORKSHIRE ,HUMBER TEACHING NHS FOUNDATION TRUST,0,0,272,0,0,0,0,0,0,0,0,0
MSitAE-MAY-2020,RWP,NHS ENGLAND MIDLANDS ,WORCESTERSHIRE ACUTE HOSPITALS NHS TRUST,9013,0,2714,1020,0,2,163,0,2519,0,0,545
MSitAE-MAY-2020,RXG,NHS ENGLAND NORTH EAST AND YORKSHIRE ,SOUTH WEST YORKSHIRE PARTNERSHIP NHS FOUNDATION TRUST,0,0,0,0,0,0,0,0,0,0,0,168
MSitAE-MAY-2020,RBD,NHS ENGLAND SOUTH WEST ,DORSET COUNTY HOSPITAL NHS FOUNDATION TRUST,3245,0,1804,235,0,0,4,0,1074,0,0,270
MSitAE-MAY-2020,RAE,NHS ENGLAND NORTH EAST AND YORKSHIRE ,BRADFORD TEACHING HOSPITALS NHS FOUNDATION TRUST,7796,0,0,617,0,0,309,0,2166,0,0,869
MSitAE-MAY-2020,RH8,NHS ENGLAND SOUTH WEST ,ROYAL DEVON AND EXETER NHS FOUNDATION TRUST,5688,0,1152,372,0,0,9,0,1885,0,0,1558
MSitAE-MAY-2020,RXP,NHS ENGLAND NORTH EAST AND YORKSHIRE ,COUNTY DURHAM AND DARLINGTON NHS FOUNDATION TRUST,9044,0,3214,416,0,0,118,0,2938,0,0,690
MSitAE-MAY-2020,RGP,NHS ENGLAND EAST OF ENGLAND ,JAMES PAGET UNIVERSITY HOSPITALS NHS FOUNDATION TRUST,5006,0,68,387,0,2,34,0,1125,0,0,205
MSitAE-MAY-2020,NQ108,NHS ENGLAND EAST OF ENGLAND ,CLACTON HOSPITAL,0,0,1404,0,0,0,0,0,0,0,0,0
MSitAE-MAY-2020,R0B,NHS ENGLAND NORTH EAST AND YORKSHIRE ,SOUTH TYNESIDE AND SUNDERLAND NHS FOUNDATION TRUST,9411,839,3233,535,4,7,20,0,4131,16,0,727
MSitAE-MAY-2020,NDJ,NHS ENGLAND SOUTH EAST ,FIRST COMMUNITY HEALTH AND CARE CIC,0,0,993,0,0,0,0,0,0,0,0,0
MSitAE-MAY-2020,NQ106,NHS ENGLAND EAST OF ENGLAND ,FRYATT HOSPITAL,0,0,72,0,0,0,0,0,0,0,0,0
MSitAE-MAY-2020,RCU,NHS ENGLAND NORTH EAST AND YORKSHIRE ,SHEFFIELD CHILDREN'S NHS FOUNDATION TRUST,2414,0,0,79,0,0,1,0,385,0,0,183
MSitAE-MAY-2020,RNA,NHS ENGLAND MIDLANDS ,THE DUDLEY GROUP NHS FOUNDATION TRUST,6053,0,3311,275,0,0,241,0,2073,0,0,657
MSitAE-MAY-2020,DT301,NHS ENGLAND EAST OF ENGLAND ,HERTS URGENT CARE (ASCOTS LANE),0,0,1119,0,0,0,0,0,0,0,0,0
MSitAE-MAY-2020,RR7,NHS ENGLAND NORTH EAST AND YORKSHIRE ,GATESHEAD HEALTH NHS FOUNDATION TRUST,5530,0,0,296,0,0,43,0,1388,0,0,239
MSitAE-MAY-2020,RY7,NHS ENGLAND NORTH WEST ,WIRRAL COMMUNITY HEALTH AND CARE NHS FOUNDATION TRUST,0,0,1020,0,0,0,0,0,0,0,0,0
MSitAE-MAY-2020,RQ3,NHS ENGLAND MIDLANDS ,BIRMINGHAM WOMEN'S AND CHILDREN'S NHS FOUNDATION TRUST,2965,0,0,85,0,0,0,0,712,0,0,150
MSitAE-MAY-2020,RXL,NHS ENGLAND NORTH WEST ,BLACKPOOL TEACHING HOSPITALS NHS FOUNDATION TRUST,4771,0,4764,760,0,1,184,0,1857,0,0,580
MSitAE-MAY-2020,RTP,NHS ENGLAND SOUTH EAST ,SURREY AND SUSSEX HEALTHCARE NHS TRUST,6301,0,419,134,0,0,33,0,2171,0,0,320
MSitAE-MAY-2020,RQW,NHS ENGLAND EAST OF ENGLAND ,THE PRINCESS ALEXANDRA HOSPITAL NHS TRUST,6299,0,0,450,0,0,37,0,1934,0,0,439
MSitAE-MAY-2020,RN7,NHS ENGLAND SOUTH EAST ,DARTFORD AND GRAVESHAM NHS TRUST,6419,0,1092,224,0,1,6,0,2332,0,0,155
MSitAE-MAY-2020,NTP11,NHS ENGLAND SOUTH EAST ,SOUTHAMPTON NHS TREATMENT CENTRE,0,0,2544,0,0,0,0,0,0,0,0,0
MSitAE-MAY-2020,RDZ,NHS ENGLAND SOUTH WEST ,THE ROYAL BOURNEMOUTH AND CHRISTCHURCH HOSPITALS NHS FOUNDATION TRUST,5008,1077,103,393,3,0,15,0,1998,5,0,692
MSitAE-MAY-2020,RL4,NHS ENGLAND MIDLANDS ,THE ROYAL WOLVERHAMPTON NHS TRUST,8686,0,2081,508,0,5,79,0,2268,0,0,562
MSitAE-MAY-2020,RQM,NHS ENGLAND LONDON,CHELSEA AND WESTMINSTER HOSPITAL NHS FOUNDATION TRUST,10257,0,4132,0,0,0,8,0,1935,0,0,196
MSitAE-MAY-2020,NNJ13,NHS ENGLAND MIDLANDS ,MELTON MOWBRAY,0,0,0,0,0,0,0,0,0,0,0,0
MSitAE-MAY-2020,NJS05,NHS ENGLAND MIDLANDS ,LOUGHBOROUGH URGENT CARE CENTRE,0,0,2656,0,0,1,0,0,0,0,0,0
MSitAE-MAY-2020,Y03571,NHS ENGLAND MIDLANDS ,CORBY URGENT CARE CENTRE,0,0,2996,0,0,0,0,0,0,0,0,0
MSitAE-MAY-2020,NNJ12,NHS ENGLAND MIDLANDS ,MARKET HARBOROUGH,0,0,0,0,0,0,0,0,0,0,0,0
MSitAE-MAY-2020,RBS,NHS ENGLAND NORTH WEST ,ALDER HEY CHILDREN'S NHS FOUNDATION TRUST,2902,0,0,54,0,0,0,0,499,175,0,0
MSitAE-MAY-2020,REM,NHS ENGLAND NORTH WEST ,LIVERPOOL UNIVERSITY HOSPITALS NHS FOUNDATION TRUST,13116,43,3249,670,0,0,82,0,6136,0,0,874
MSitAE-MAY-2020,Y02147,NHS ENGLAND LONDON,URGENT CARE CENTRE (QMS),0,0,4042,0,0,7,0,0,0,0,0,0
MSitAE-MAY-2020,RAS,NHS ENGLAND LONDON,THE HILLINGDON HOSPITALS NHS FOUNDATION TRUST,3392,0,3352,889,0,9,443,0,1113,0,0,222
MSitAE-MAY-2020,RTQ,NHS ENGLAND SOUTH WEST ,GLOUCESTERSHIRE HEALTH AND CARE NHS FOUNDATION TRUST,0,0,2496,0,0,2,0,0,0,0,0,9
MSitAE-MAY-2020,RJL,NHS ENGLAND NORTH EAST AND YORKSHIRE ,NORTHERN LINCOLNSHIRE AND GOOLE NHS FOUNDATION TRUST,9559,0,0,852,0,0,113,0,2490,0,0,334
MSitAE-MAY-2020,RHQ,NHS ENGLAND NORTH EAST AND YORKSHIRE ,SHEFFIELD TEACHING HOSPITALS NHS FOUNDATION TRUST,8173,536,2446,681,0,0,76,0,2508,0,0,1989
MSitAE-MAY-2020,RGT,NHS ENGLAND EAST OF ENGLAND ,CAMBRIDGE UNIVERSITY HOSPITALS NHS FOUNDATION TRUST,6796,0,1828,0,0,0,130,0,1980,0,20,471
MSitAE-MAY-2020,NNJ15,NHS ENGLAND MIDLANDS ,OAKHAM,0,0,0,0,0,0,0,0,0,0,0,0
MSitAE-MAY-2020,RGN,NHS ENGLAND EAST OF ENGLAND ,NORTH WEST ANGLIA NHS FOUNDATION TRUST,10323,0,0,241,0,0,7,0,3526,0,0,1034
MSitAE-MAY-2020,Y02428,NHS ENGLAND EAST OF ENGLAND ,PUTNOE MEDICAL CENTRE WALK IN CENTRE,0,0,212,0,0,0,0,0,0,0,0,0
MSitAE-MAY-2020,RRF,NHS ENGLAND NORTH WEST ,"WRIGHTINGTON, WIGAN AND LEIGH NHS FOUNDATION TRUST",5860,0,2234,286,0,0,33,0,3287,0,0,100
MSitAE-MAY-2020,RJZ,NHS ENGLAND LONDON,KING'S COLLEGE HOSPITAL NHS FOUNDATION TRUST,9086,0,6169,1175,0,181,144,12,3410,0,0,320
MSitAE-MAY-2020,NLX24,NHS ENGLAND SOUTH WEST ,YATE WEST GATE CENTRE,0,0,1543,0,0,0,0,0,0,0,0,0
MSitAE-MAY-2020,RJ8,NHS ENGLAND SOUTH WEST ,CORNWALL PARTNERSHIP NHS FOUNDATION TRUST,0,0,0,0,0,0,0,0,0,0,10,105
MSitAE-MAY-2020,NNJ0H,NHS ENGLAND MIDLANDS ,LLR EA - THE MERLYN VAZ HEALTH & SOCIAL CARE CENTRE,0,0,1460,0,0,0,0,0,0,0,0,0
MSitAE-MAY-2020,RMC,NHS ENGLAND NORTH WEST ,BOLTON NHS FOUNDATION TRUST,7864,0,0,806,0,0,52,0,1788,0,0,482
MSitAE-MAY-2020,RBK,NHS ENGLAND MIDLANDS ,WALSALL HEALTHCARE NHS TRUST,4679,0,1636,492,0,0,33,0,1684,0,0,514
MSitAE-MAY-2020,RJ7,NHS ENGLAND LONDON,ST GEORGE'S UNIVERSITY HOSPITALS NHS FOUNDATION TRUST,8056,0,0,202,0,0,20,0,2483,0,0,706
MSitAE-MAY-2020,RMP,NHS ENGLAND NORTH WEST ,TAMESIDE AND GLOSSOP INTEGRATED CARE NHS FOUNDATION TRUST,5988,0,477,494,0,0,46,0,2241,0,0,232
MSitAE-MAY-2020,RN3,NHS ENGLAND SOUTH WEST ,GREAT WESTERN HOSPITALS NHS FOUNDATION TRUST,4293,0,2612,188,0,1,37,0,2054,0,0,586
MSitAE-MAY-2020,RXR,NHS ENGLAND NORTH WEST ,EAST LANCASHIRE HOSPITALS NHS TRUST,7916,0,3092,745,0,23,143,2,3265,0,14,637
MSitAE-MAY-2020,AC008,NHS ENGLAND NORTH WEST ,ROSSENDALE MINOR INJURIES UNIT,0,0,519,0,0,1,0,0,0,0,0,0
MSitAE-MAY-2020,RP5,NHS ENGLAND NORTH EAST AND YORKSHIRE ,DONCASTER AND BASSETLAW TEACHING HOSPITALS NHS FOUNDATION TRUST,9546,0,1945,605,0,0,157,0,2814,0,151,428
MSitAE-MAY-2020,RY9,NHS ENGLAND LONDON,HOUNSLOW AND RICHMOND COMMUNITY HEALTHCARE NHS TRUST,0,0,1551,0,0,0,0,0,0,0,0,0
MSitAE-MAY-2020,RTF,NHS ENGLAND NORTH EAST AND YORKSHIRE ,NORTHUMBRIA HEALTHCARE NHS FOUNDATION TRUST,6310,0,5413,23,0,10,0,0,3821,0,254,627
MSitAE-MAY-2020,RN5,NHS ENGLAND SOUTH EAST ,HAMPSHIRE HOSPITALS NHS FOUNDATION TRUST,9114,0,0,405,0,0,246,0,2749,0,0,588
MSitAE-MAY-2020,NNJ,NHS ENGLAND MIDLANDS ,DHU HEALTH CARE C.I.C,0,0,309,0,0,0,0,0,0,0,0,0
MSitAE-MAY-2020,NNJ14,NHS ENGLAND MIDLANDS ,OADBY,0,0,350,0,0,0,0,0,0,0,0,0
MSitAE-MAY-2020,RFF,NHS ENGLAND NORTH EAST AND YORKSHIRE ,BARNSLEY HOSPITAL NHS FOUNDATION TRUST,5830,0,0,335,0,0,25,0,1587,0,0,242
MSitAE-MAY-2020,RHW,NHS ENGLAND SOUTH EAST ,ROYAL BERKSHIRE NHS FOUNDATION TRUST,6780,1230,0,392,3,0,30,0,2072,0,0,417
MSitAE-MAY-2020,RAL,NHS ENGLAND LONDON,ROYAL FREE LONDON NHS FOUNDATION TRUST,12522,0,1862,1090,0,0,484,12,3088,0,0,786
MSitAE-MAY-2020,RJR,NHS ENGLAND NORTH WEST ,COUNTESS OF CHESTER HOSPITAL NHS FOUNDATION TRUST,4443,0,522,128,0,0,33,0,1251,0,0,677
MSitAE-MAY-2020,RJ1,NHS ENGLAND LONDON,GUY'S AND ST THOMAS' NHS FOUNDATION TRUST,6940,459,956,709,0,0,82,0,1891,0,0,521
MSitAE-MAY-2020,RTX,NHS ENGLAND NORTH WEST ,UNIVERSITY HOSPITALS OF MORECAMBE BAY NHS FOUNDATION TRUST,5167,35,1051,467,0,7,35,1,1906,0,26,755
MSitAE-MAY-2020,RXF,NHS ENGLAND NORTH EAST AND YORKSHIRE ,MID YORKSHIRE HOSPITALS NHS TRUST,12238,0,2318,0,0,0,202,1,3027,0,91,491
MSitAE-MAY-2020,RR8,NHS ENGLAND NORTH EAST AND YORKSHIRE ,LEEDS TEACHING HOSPITALS NHS TRUST,11492,0,2596,505,0,1,84,0,3392,0,0,925
MSitAE-MAY-2020,RAN,NHS ENGLAND LONDON,ROYAL NATIONAL ORTHOPAEDIC HOSPITAL NHS TRUST,0,0,0,0,0,0,0,0,0,0,0,141
MSitAE-MAY-2020,RRV,NHS ENGLAND LONDON,UNIVERSITY COLLEGE LONDON HOSPITALS NHS FOUNDATION TRUST,4741,0,0,436,0,0,72,1,968,0,0,346
MSitAE-MAY-2020,RY2,NHS ENGLAND NORTH WEST ,BRIDGEWATER COMMUNITY HEALTHCARE NHS FOUNDATION TRUST,0,0,1828,0,0,0,0,0,0,0,0,0
MSitAE-MAY-2020,NTPAD,NHS ENGLAND SOUTH EAST ,ST MARY'S NHS TREATMENT CENTRE,0,0,3168,0,0,2,0,0,0,0,0,0
MSitAE-MAY-2020,RRK,NHS ENGLAND MIDLANDS ,UNIVERSITY HOSPITALS BIRMINGHAM NHS FOUNDATION TRUST,20332,0,2608,2343,0,0,318,1,7544,0,161,1906
MSitAE-MAY-2020,RY5,NHS ENGLAND MIDLANDS ,LINCOLNSHIRE COMMUNITY HEALTH SERVICES NHS TRUST,0,0,3092,0,0,9,0,0,0,0,1,4
MSitAE-MAY-2020,RP6,NHS ENGLAND LONDON,MOORFIELDS EYE HOSPITAL NHS FOUNDATION TRUST,0,4791,0,0,1,0,0,0,0,10,0,124
MSitAE-MAY-2020,RVW,NHS ENGLAND NORTH EAST AND YORKSHIRE ,NORTH TEES AND HARTLEPOOL NHS FOUNDATION TRUST,2442,0,6600,0,0,0,12,0,813,0,335,1160
MSitAE-MAY-2020,RDU,NHS ENGLAND SOUTH EAST ,FRIMLEY HEALTH NHS FOUNDATION TRUST,14649,0,0,0,0,0,224,0,3302,0,0,735
MSitAE-MAY-2020,RTG,NHS ENGLAND MIDLANDS ,UNIVERSITY HOSPITALS OF DERBY AND BURTON NHS FOUNDATION TRUST,12703,0,4667,1795,0,7,190,1,3964,0,32,965
MSitAE-MAY-2020,RBQ,NHS ENGLAND NORTH WEST ,LIVERPOOL HEART AND CHEST HOSPITAL NHS FOUNDATION TRUST,0,0,0,0,0,0,0,0,0,0,0,178
MSitAE-MAY-2020,RGR,NHS ENGLAND EAST OF ENGLAND ,WEST SUFFOLK NHS FOUNDATION TRUST,4642,0,238,0,0,0,20,0,1473,0,0,333
MSitAE-MAY-2020,RHU,NHS ENGLAND SOUTH EAST ,PORTSMOUTH HOSPITALS NHS TRUST,7684,21,1432,0,0,0,87,0,2903,0,0,1417
MSitAE-MAY-2020,RYR,NHS ENGLAND SOUTH EAST ,WESTERN SUSSEX HOSPITALS NHS FOUNDATION TRUST,10064,0,0,369,0,0,28,0,3530,0,0,795
MSitAE-MAY-2020,RVV,NHS ENGLAND SOUTH EAST ,EAST KENT HOSPITALS UNIVERSITY NHS FOUNDATION TRUST,11774,0,2193,1282,0,7,81,0,3949,0,290,905
MSitAE-MAY-2020,RJE,NHS ENGLAND MIDLANDS ,UNIVERSITY HOSPITALS OF NORTH MIDLANDS NHS TRUST,9320,356,5538,2198,0,40,572,0,4326,0,0,1912
MSitAE-MAY-2020,RWD,NHS ENGLAND MIDLANDS ,UNITED LINCOLNSHIRE HOSPITALS NHS TRUST,8962,0,3299,1385,0,18,179,0,3292,0,0,851
MSitAE-MAY-2020,RXH,NHS ENGLAND SOUTH EAST ,BRIGHTON AND SUSSEX UNIVERSITY HOSPITALS NHS TRUST,10481,1158,0,792,0,0,155,0,3058,13,0,314
MSitAE-MAY-2020,RTR,NHS ENGLAND NORTH EAST AND YORKSHIRE ,SOUTH TEES HOSPITALS NHS FOUNDATION TRUST,6714,0,2319,484,0,0,274,0,1653,0,56,1346
MSitAE-MAY-2020,RAP,NHS ENGLAND LONDON,NORTH MIDDLESEX UNIVERSITY HOSPITAL NHS TRUST,6579,294,2495,713,1,4,235,5,1640,0,0,68
MSitAE-MAY-2020,RBV,NHS ENGLAND NORTH WEST ,THE CHRISTIE NHS FOUNDATION TRUST,0,0,0,0,0,0,0,0,0,0,0,498
MSitAE-MAY-2020,RKB,NHS ENGLAND MIDLANDS ,UNIVERSITY HOSPITALS COVENTRY AND WARWICKSHIRE NHS TRUST,4297,856,4537,565,0,85,61,0,1918,74,38,1921
MSitAE-MAY-2020,RWF,NHS ENGLAND SOUTH EAST ,MAIDSTONE AND TUNBRIDGE WELLS NHS TRUST,9710,0,1579,206,0,3,12,0,3309,0,0,444
MSitAE-MAY-2020,RPA,NHS ENGLAND SOUTH EAST ,MEDWAY NHS FOUNDATION TRUST,6021,0,2191,647,0,8,124,0,2107,0,0,728
MSitAE-MAY-2020,RL1,NHS ENGLAND MIDLANDS ,THE ROBERT JONES AND AGNES HUNT ORTHOPAEDIC HOSPITAL NHS FOUNDATION TRUST,0,0,0,0,0,0,0,0,0,0,0,195
MSitAE-MAY-2020,RXN,NHS ENGLAND NORTH WEST ,LANCASHIRE TEACHING HOSPITALS NHS FOUNDATION TRUST,3764,0,5874,827,0,33,213,1,2058,0,58,1059
MSitAE-MAY-2020,RM1,NHS ENGLAND EAST OF ENGLAND ,NORFOLK AND NORWICH UNIVERSITY HOSPITALS NHS FOUNDATION TRUST,9204,0,2515,3051,0,0,442,2,3033,0,0,903
MSitAE-MAY-2020,RDE,NHS ENGLAND EAST OF ENGLAND ,EAST SUFFOLK AND NORTH ESSEX NHS FOUNDATION TRUST,9771,0,3075,758,0,11,44,0,3814,0,187,1016
MSitAE-MAY-2020,R1F,NHS ENGLAND SOUTH EAST ,ISLE OF WIGHT NHS TRUST,1836,0,1069,140,0,1,13,0,716,0,0,238
MSitAE-MAY-2020,RJ6,NHS ENGLAND LONDON,CROYDON HEALTH SERVICES NHS TRUST,7437,0,2286,472,0,0,73,1,1312,0,0,132
MSitAE-MAY-2020,RA9,NHS ENGLAND SOUTH WEST ,TORBAY AND SOUTH DEVON NHS FOUNDATION TRUST,4650,0,1311,207,0,0,32,0,1849,0,0,286
MSitAE-MAY-2020,RVJ,NHS ENGLAND SOUTH WEST ,NORTH BRISTOL NHS TRUST,5986,0,0,271,0,0,27,0,2901,0,0,1183
MSitAE-MAY-2020,RCX,NHS ENGLAND EAST OF ENGLAND ,"THE QUEEN ELIZABETH HOSPITAL, KING'S LYNN, NHS FOUNDATION TRUST",4741,0,0,283,0,0,56,1,1886,0,0,317
MSitAE-MAY-2020,RA2,NHS ENGLAND SOUTH EAST ,ROYAL SURREY COUNTY HOSPITAL NHS FOUNDATION TRUST,4087,0,0,216,0,0,9,0,1708,0,0,368
MSitAE-MAY-2020,NLX,NHS ENGLAND SOUTH WEST ,SIRONA CARE & HEALTH,0,0,2987,0,0,0,0,0,0,0,0,0
MSitAE-MAY-2020,RCD,NHS ENGLAND NORTH EAST AND YORKSHIRE ,HARROGATE AND DISTRICT NHS FOUNDATION TRUST,3053,0,338,223,0,0,0,0,809,0,0,351
MSitAE-MAY-2020,RAJ,NHS ENGLAND EAST OF ENGLAND ,MID AND SOUTH ESSEX NHS FOUNDATION TRUST,20558,0,1269,988,0,6,75,0,6560,0,132,1001
MSitAE-MAY-2020,RCB,NHS ENGLAND NORTH EAST AND YORKSHIRE ,YORK TEACHING HOSPITAL NHS FOUNDATION TRUST,7419,298,3036,755,0,11,92,0,3038,2,0,825
MSitAE-MAY-2020,RNZ,NHS ENGLAND SOUTH WEST ,SALISBURY NHS FOUNDATION TRUST,3317,164,928,220,0,0,17,0,1085,0,0,620
MSitAE-MAY-2020,RD1,NHS ENGLAND SOUTH WEST ,ROYAL UNITED HOSPITALS BATH NHS FOUNDATION TRUST,4874,0,368,230,0,4,48,0,1896,0,7,1188
MSitAE-MAY-2020,RWG,NHS ENGLAND EAST OF ENGLAND ,WEST HERTFORDSHIRE HOSPITALS NHS TRUST,6641,0,2213,1424,0,1,119,0,2384,0,0,284
MSitAE-MAY-2020,RFS,NHS ENGLAND MIDLANDS ,CHESTERFIELD ROYAL HOSPITAL NHS FOUNDATION TRUST,4323,0,1362,342,0,0,51,0,1928,0,0,459
MSitAE-MAY-2020,NDA57,NHS ENGLAND SOUTH EAST ,HASLEMERE MINOR INJURIES UNIT,0,0,685,0,0,1,0,0,0,0,0,2
MSitAE-MAY-2020,R1K,NHS ENGLAND LONDON,LONDON NORTH WEST UNIVERSITY HEALTHCARE NHS TRUST,7476,0,7669,902,0,5,221,1,3913,0,0,715
MSitAE-MAY-2020,RTD,NHS ENGLAND NORTH EAST AND YORKSHIRE ,THE NEWCASTLE UPON TYNE HOSPITALS NHS FOUNDATION TRUST,7311,709,1628,488,5,0,37,0,2193,9,0,1888
MSitAE-MAY-2020,RBN,NHS ENGLAND NORTH WEST ,ST HELENS AND KNOWSLEY TEACHING HOSPITALS NHS TRUST,7815,0,2361,905,0,1,85,0,3424,0,0,225
MSitAE-MAY-2020,RJ2,NHS ENGLAND LONDON,LEWISHAM AND GREENWICH NHS TRUST,9121,0,7162,542,0,55,55,29,3871,0,0,719
MSitAE-MAY-2020,RHM,NHS ENGLAND SOUTH EAST ,UNIVERSITY HOSPITAL SOUTHAMPTON NHS FOUNDATION TRUST,6749,831,0,537,7,0,43,0,2862,5,0,1162
MSitAE-MAY-2020,RA7,NHS ENGLAND SOUTH WEST ,UNIVERSITY HOSPITALS BRISTOL AND WESTON NHS FOUNDATION TRUST,8568,1310,0,912,9,0,184,1,3196,9,0,693
MSitAE-MAY-2020,RK5,NHS ENGLAND MIDLANDS ,SHERWOOD FOREST HOSPITALS NHS FOUNDATION TRUST,6472,0,2528,214,0,10,17,0,2349,0,0,249
MSitAE-MAY-2020,RNN,NHS ENGLAND NORTH EAST AND YORKSHIRE ,NORTH CUMBRIA INTEGRATED CARE NHS FOUNDATION TRUST,5303,0,637,442,0,0,82,0,1731,0,0,525
MSitAE-MAY-2020,RYG,NHS ENGLAND MIDLANDS ,COVENTRY AND WARWICKSHIRE PARTNERSHIP NHS TRUST,0,0,0,0,0,0,0,0,0,0,8,91
MSitAE-MAY-2020,RTE,NHS ENGLAND SOUTH WEST ,GLOUCESTERSHIRE HOSPITALS NHS FOUNDATION TRUST,9436,0,0,1301,0,0,369,0,3285,0,0,408
MSitAE-MAY-2020,RNS,NHS ENGLAND MIDLANDS ,NORTHAMPTON GENERAL HOSPITAL NHS TRUST,5669,442,1086,571,3,0,143,0,1751,0,0,927
MSitAE-MAY-2020,RWH,NHS ENGLAND EAST OF ENGLAND ,EAST AND NORTH HERTFORDSHIRE NHS TRUST,6246,0,3592,1627,0,8,79,0,2172,0,0,205
MSitAE-MAY-2020,R1D,NHS ENGLAND MIDLANDS ,SHROPSHIRE COMMUNITY HEALTH NHS TRUST,0,0,1620,0,0,0,0,0,0,0,0,19
MSitAE-MAY-2020,RVR,NHS ENGLAND LONDON,EPSOM AND ST HELIER UNIVERSITY HOSPITALS NHS TRUST,8662,152,377,649,0,0,123,1,2359,6,0,208
MSitAE-MAY-2020,NNF94,NHS ENGLAND NORTH EAST AND YORKSHIRE ,EAST RIDING COMMUNITY HOSPITAL,0,0,1071,0,0,0,0,0,0,0,0,0
MSitAE-MAY-2020,NNF09,NHS ENGLAND NORTH EAST AND YORKSHIRE ,BRANSHOLME HEALTH CENTRE,0,0,1420,0,0,2,0,0,0,0,0,0
MSitAE-MAY-2020,R1H,NHS ENGLAND LONDON,BARTS HEALTH NHS TRUST,14638,503,6863,1285,0,6,257,0,6135,0,0,1155
MSitAE-MAY-2020,RWJ,NHS ENGLAND NORTH WEST ,STOCKPORT NHS FOUNDATION TRUST,6455,0,0,304,0,0,83,0,2373,0,0,520
MSitAE-MAY-2020,RW6,NHS ENGLAND NORTH WEST ,PENNINE ACUTE HOSPITALS NHS TRUST,17136,0,2909,1324,0,67,93,0,5053,0,40,842
MSitAE-MAY-2020,RK9,NHS ENGLAND SOUTH WEST ,UNIVERSITY HOSPITALS PLYMOUTH NHS TRUST,7865,23,1909,0,0,0,122,6,2832,0,621,0
MSitAE-MAY-2020,RAX,NHS ENGLAND LONDON,KINGSTON HOSPITAL NHS FOUNDATION TRUST,4655,0,2437,316,0,1,48,0,2027,0,139,184
MSitAE-MAY-2020,RKE,NHS ENGLAND LONDON,WHITTINGTON HEALTH NHS TRUST,5703,0,0,534,0,0,158,1,894,0,0,55
MSitAE-MAY-2020,NNF76,NHS ENGLAND NORTH EAST AND YORKSHIRE ,THE WILBERFORCE HEALTH CENTRE,0,0,985,0,0,0,0,0,0,0,0,0
MSitAE-MAY-2020,RM3,NHS ENGLAND NORTH WEST ,SALFORD ROYAL NHS FOUNDATION TRUST,6204,0,313,482,0,0,158,0,2106,0,0,255
MSitAE-MAY-2020,RD8,NHS ENGLAND EAST OF ENGLAND ,MILTON KEYNES UNIVERSITY HOSPITAL NHS FOUNDATION TRUST,5652,0,2099,68,0,0,1,0,1400,0,0,365
MSitAE-MAY-2020,RH5,NHS ENGLAND SOUTH WEST ,SOMERSET NHS FOUNDATION TRUST,4798,0,4592,411,0,20,11,0,1580,0,0,845
MSitAE-MAY-2020,RWX,NHS ENGLAND SOUTH EAST ,BERKSHIRE HEALTHCARE NHS FOUNDATION TRUST,0,0,1290,0,0,0,0,0,0,0,0,0
MSitAE-MAY-2020,RYX,NHS ENGLAND LONDON,CENTRAL LONDON COMMUNITY HEALTHCARE NHS TRUST,0,0,1322,0,0,1,0,0,0,0,0,0
MSitAE-MAY-2020,RYJ,NHS ENGLAND LONDON,IMPERIAL COLLEGE HEALTHCARE NHS TRUST,6766,1987,3313,0,0,0,503,5,1777,0,0,612
MSitAE-MAY-2020,NNFA7,NHS ENGLAND NORTH EAST AND YORKSHIRE ,GOOLE & DISTRICT HOSPITAL,0,0,657,0,0,1,0,0,0,0,0,0
MSitAE-MAY-2020,RBL,NHS ENGLAND NORTH WEST ,WIRRAL UNIVERSITY TEACHING HOSPITAL NHS FOUNDATION TRUST,5867,0,1043,438,0,0,72,0,2165,0,0,1051
MSitAE-MAY-2020,RF4,NHS ENGLAND LONDON,"BARKING, HAVERING AND REDBRIDGE UNIVERSITY HOSPITALS NHS TRUST",9637,379,5856,2743,1,59,13,2,3237,0,0,414
MSitAE-MAY-2020,R0A,NHS ENGLAND NORTH WEST ,MANCHESTER UNIVERSITY NHS FOUNDATION TRUST,13799,1793,3172,1213,6,17,212,0,4513,85,49,481
MSitAE-MAY-2020,RTH,NHS ENGLAND SOUTH EAST ,OXFORD UNIVERSITY HOSPITALS NHS FOUNDATION TRUST,8780,883,72,718,0,0,54,0,2847,74,1,2495
MSitAE-MAY-2020,RET,NHS ENGLAND NORTH WEST ,THE WALTON CENTRE NHS FOUNDATION TRUST,0,0,0,0,0,0,0,0,0,0,0,197
MSitAE-MAY-2020,Y04538,NHS ENGLAND SOUTH EAST ,BRACKNELL URGENT CARE CENTRE WIC,0,0,20,0,0,0,0,0,0,0,0,0
MSitAE-MAY-2020,RWE,NHS ENGLAND MIDLANDS ,UNIVERSITY HOSPITALS OF LEICESTER NHS TRUST,11492,1128,0,2174,10,0,638,0,3606,2,0,2547
MSitAE-MAY-2020,RCF,NHS ENGLAND NORTH EAST AND YORKSHIRE ,AIREDALE NHS FOUNDATION TRUST,3858,262,1,304,0,0,0,0,1190,0,0,404
MSitAE-MAY-2020,RWA,NHS ENGLAND NORTH EAST AND YORKSHIRE ,HULL UNIVERSITY TEACHING HOSPITALS NHS TRUST,8289,0,0,754,0,0,55,0,2283,0,0,896
MSitAE-MAY-2020,RC9,NHS ENGLAND EAST OF ENGLAND ,BEDFORDSHIRE HOSPITALS NHS FOUNDATION TRUST,10491,0,2181,0,0,0,20,0,3778,0,0,792
MSitAE-MAY-2020,RX1,NHS ENGLAND MIDLANDS ,NOTTINGHAM UNIVERSITY HOSPITALS NHS TRUST,11028,1158,138,0,0,0,95,0,3793,0,0,2612
MSitAE-MAY-2020,RXW,NHS ENGLAND MIDLANDS ,SHREWSBURY AND TELFORD HOSPITAL NHS TRUST,7424,0,0,987,0,0,218,0,2259,0,0,1221
MSitAE-MAY-2020,RDR,NHS ENGLAND SOUTH EAST ,SUSSEX COMMUNITY NHS FOUNDATION TRUST,0,0,5591,0,0,4,0,0,0,0,0,1
MSitAE-MAY-2020,RWW,NHS ENGLAND NORTH WEST ,WARRINGTON AND HALTON TEACHING HOSPITALS NHS FOUNDATION TRUST,5514,0,1203,442,0,3,160,0,2191,0,0,139
TOTAL,TOTAL,TOTAL,TOTAL,924218,26479,311140,71894,57,910,13364,93,308798,1165,2756,85687
