Period,Org Code,Parent Org,Org name,Number of A&E attendances Type 1,Number of A&E attendances Type 2,Number of A&E attendances Other A&E Department,Number of attendances over 4hrs Type 1,Number of attendances over 4hrs Type 2,Number of attendances over 4hrs Other A&E Department,Patients who have waited 4-12 hs from DTA to admission,Patients who have waited 12+ hrs from DTA to admission,Emergency admissions via A&E - Type 1,Emergency admissions via A&E - Type 2,Emergency admissions via A&E - Other A&E department,Other emergency admissions
MSitAE-MARCH-2020,RVY,NHS ENGLAND NORTH WEST (CHESHIRE AND MERSEYSIDE),SOUTHPORT AND ORMSKIRK HOSPITAL NHS TRUST,5515,0,1987,1005,0,4,333,10,2047,0,0,105
MSitAE-MARCH-2020,RDY,NHS ENGLAND SOUTH WEST (SOUTH WEST SOUTH),DORSET HEALTHCARE UNIVERSITY NHS FOUNDATION TRUST,0,0,0,0,0,0,0,0,0,0,1,1
MSitAE-MARCH-2020,Y02532,NHS ENGLAND NORTH WEST (CHESHIRE AND MERSEYSIDE),MIRIAM MINOR EMERGENCY,0,0,1094,0,0,0,0,0,0,0,0,0
MSitAE-MARCH-2020,AQN04,"NHS ENGLAND SOUTH EAST (HAMPSHIRE, ISLE OF WIGHT AND THAMES VALLEY)",PHL LYMINGTON UTC,0,0,1394,0,0,0,0,0,0,0,0,0
MSitAE-MARCH-2020,RY8,NHS ENGLAND MIDLANDS (NORTH MIDLANDS),DERBYSHIRE COMMUNITY HEALTH SERVICES NHS FOUNDATION TRUST,0,0,4645,0,0,1,0,0,0,0,0,0
MSitAE-MARCH-2020,C82038,NHS ENGLAND MIDLANDS (CENTRAL MIDLANDS),LATHAM HOUSE MEDICAL PRACTICE,0,0,189,0,0,0,0,0,0,0,0,0
MSitAE-MARCH-2020,Y03645,NHS ENGLAND NORTH WEST (CHESHIRE AND MERSEYSIDE),MORETON HEALTH MINOR INJURY,0,0,203,0,0,0,0,0,0,0,0,0
MSitAE-MARCH-2020,Y02533,NHS ENGLAND NORTH WEST (CHESHIRE AND MERSEYSIDE),PARKFIELD (H) MINOR EMERGENCY,0,0,106,0,0,0,0,0,0,0,0,0
MSitAE-MARCH-2020,RT3,NHS ENGLAND LONDON,ROYAL BROMPTON & HAREFIELD NHS FOUNDATION TRUST,0,0,0,0,0,0,0,0,0,0,0,253
MSitAE-MARCH-2020,RPC,"NHS ENGLAND SOUTH EAST (KENT, SURREY AND SUSSEX)",QUEEN VICTORIA HOSPITAL NHS FOUNDATION TRUST,0,0,631,0,0,0,0,0,0,0,4,282
MSitAE-MARCH-2020,Y02973,NHS ENGLAND LONDON,KINGS PARK SURGERY,0,0,505,0,0,0,0,0,0,0,0,0
MSitAE-MARCH-2020,RW1,"NHS ENGLAND SOUTH EAST (HAMPSHIRE, ISLE OF WIGHT AND THAMES VALLEY)",SOUTHERN HEALTH NHS FOUNDATION TRUST,0,0,899,0,0,0,0,0,0,0,4,191
MSitAE-MARCH-2020,NYM13,NHS ENGLAND LONDON,HHCIC EAST WIC,0,0,55,0,0,0,0,0,0,0,0,0
MSitAE-MARCH-2020,NR3,NHS ENGLAND MIDLANDS (NORTH MIDLANDS),NOTTINGHAM CITYCARE PARTNERSHIP,0,0,3200,0,0,0,0,0,0,0,0,0
MSitAE-MARCH-2020,RWY,NHS ENGLAND NORTH EAST AND YORKSHIRE (YORKSHIRE AND HUMBER),CALDERDALE AND HUDDERSFIELD NHS FOUNDATION TRUST,10511,0,0,1266,0,0,206,0,2489,0,0,1019
MSitAE-MARCH-2020,8J094,NHS ENGLAND MIDLANDS (WEST MIDLANDS),BADGER LTD,0,0,1454,0,0,12,0,0,0,0,0,0
MSitAE-MARCH-2020,RYY,"NHS ENGLAND SOUTH EAST (KENT, SURREY AND SUSSEX)",KENT COMMUNITY HEALTH NHS FOUNDATION TRUST,0,0,4756,0,0,19,0,0,0,0,0,0
MSitAE-MARCH-2020,Y03082,NHS ENGLAND LONDON,HAROLD WOOD WIC,0,0,2289,0,0,70,0,0,0,0,0,0
MSitAE-MARCH-2020,Y02615,NHS ENGLAND MIDLANDS (WEST MIDLANDS),SOUTH BIRMINGHAM GP WALK IN CENTRE,0,0,5584,0,0,0,0,0,0,0,0,0
MSitAE-MARCH-2020,Y03007,NHS ENGLAND MIDLANDS (WEST MIDLANDS),ERDINGTON GP HEALTH & WELLBEING WIC,0,0,1240,0,0,0,0,0,0,0,0,0
MSitAE-MARCH-2020,RGP,NHS ENGLAND EAST OF ENGLAND (EAST),JAMES PAGET UNIVERSITY HOSPITALS NHS FOUNDATION TRUST,4964,0,126,871,0,3,130,3,1209,0,0,286
MSitAE-MARCH-2020,RYF,NHS ENGLAND SOUTH WEST (SOUTH WEST SOUTH),SOUTH WESTERN AMBULANCE SERVICE NHS FOUNDATION TRUST,0,0,1253,0,0,13,0,0,0,0,0,0
MSitAE-MARCH-2020,Y00751,"NHS ENGLAND SOUTH EAST (HAMPSHIRE, ISLE OF WIGHT AND THAMES VALLEY)",EAST BERKS PRIMARY CARE OOH(WAM),0,0,3017,0,0,9,0,0,0,0,0,0
MSitAE-MARCH-2020,AAH,NHS ENGLAND SOUTH WEST (SOUTH WEST NORTH),TETBURY HOSPITAL TRUST LTD,0,0,108,0,0,0,0,0,0,0,0,0
MSitAE-MARCH-2020,AD913,NHS ENGLAND LONDON,BECKENHAM BEACON UCC,0,0,3098,0,0,6,0,0,0,0,0,0
MSitAE-MARCH-2020,NQT5F,NHS ENGLAND NORTH WEST (LANCASHIRE AND SOUTH CUMBRIA),SKELMERSDALE WALK IN CENTRE,0,0,1171,0,0,27,0,0,0,0,0,0
MSitAE-MARCH-2020,L83087,NHS ENGLAND SOUTH WEST (SOUTH WEST SOUTH),OKEHAMPTON MEDICAL CENTRE,0,0,82,0,0,0,0,0,0,0,0,0
MSitAE-MARCH-2020,Y02961,NHS ENGLAND MIDLANDS (WEST MIDLANDS),SUMMERFIELD GP SURG & URGENT CARE CENTRE,0,0,2391,0,0,0,0,0,0,0,0,0
MSitAE-MARCH-2020,NQT5H,NHS ENGLAND SOUTH WEST (SOUTH WEST NORTH),PAULTON MEMORIAL HOSPITAL,0,0,525,0,0,6,0,0,0,0,0,0
MSitAE-MARCH-2020,Y02572,NHS ENGLAND NORTH EAST AND YORKSHIRE (YORKSHIRE AND HUMBER),PARK COMMUNITY PRACTICE,0,0,390,0,0,0,0,0,0,0,0,0
MSitAE-MARCH-2020,M85813,NHS ENGLAND MIDLANDS (WEST MIDLANDS),BIRMINGHAM WIC,0,0,1946,0,0,0,0,0,0,0,0,0
MSitAE-MARCH-2020,RBQ,NHS ENGLAND NORTH WEST (CHESHIRE AND MERSEYSIDE),LIVERPOOL HEART AND CHEST HOSPITAL NHS FOUNDATION TRUST,0,0,0,0,0,0,0,0,0,0,0,175
MSitAE-MARCH-2020,Y02676,"NHS ENGLAND SOUTH EAST (KENT, SURREY AND SUSSEX)",BRIGHTON STATION HEALTH CENTRE,0,0,1282,0,0,1,0,0,0,0,0,0
MSitAE-MARCH-2020,RQX,NHS ENGLAND LONDON,HOMERTON UNIVERSITY HOSPITAL NHS FOUNDATION TRUST,7901,0,0,634,0,0,219,1,1338,0,0,173
MSitAE-MARCH-2020,NTV0W,"NHS ENGLAND SOUTH EAST (KENT, SURREY AND SUSSEX)",WOKING WALK IN CENTRE,0,0,1978,0,0,1,0,0,0,0,0,0
MSitAE-MARCH-2020,Y03094,NHS ENGLAND LONDON,THE JUNCTION HC - UNREGISTERED PATIENTS,0,0,1802,0,0,0,0,0,0,0,0,0
MSitAE-MARCH-2020,NTV0B,"NHS ENGLAND SOUTH EAST (KENT, SURREY AND SUSSEX)",ASHFORD WALK-IN-CENTRE,0,0,2061,0,0,0,0,0,0,0,0,0
MSitAE-MARCH-2020,C82010,NHS ENGLAND MIDLANDS (CENTRAL MIDLANDS),OAKHAM MEDICAL PRACTICE,0,0,194,0,0,0,0,0,0,0,0,0
MSitAE-MARCH-2020,RNZ,NHS ENGLAND SOUTH WEST (SOUTH WEST NORTH),SALISBURY NHS FOUNDATION TRUST,3231,185,864,438,0,0,90,0,1010,0,0,741
MSitAE-MARCH-2020,NL7,NHS ENGLAND MIDLANDS (WEST MIDLANDS),ASSURA VERTIS URGENT CARE CENTRES (BIRMINGHAM),0,0,3796,0,0,0,0,0,0,0,0,0
MSitAE-MARCH-2020,NTP11,"NHS ENGLAND SOUTH EAST (HAMPSHIRE, ISLE OF WIGHT AND THAMES VALLEY)",SOUTHAMPTON NHS TREATMENT CENTRE,0,0,3455,0,0,0,0,0,0,0,0,0
MSitAE-MARCH-2020,RTQ,NHS ENGLAND SOUTH WEST (SOUTH WEST NORTH),GLOUCESTERSHIRE HEALTH AND CARE NHS FOUNDATION TRUST,0,0,4126,0,0,9,0,0,0,0,0,24
MSitAE-MARCH-2020,NDJ,"NHS ENGLAND SOUTH EAST (KENT, SURREY AND SUSSEX)",FIRST COMMUNITY HEALTH AND CARE CIC,0,0,1043,0,0,0,0,0,0,0,0,0
MSitAE-MARCH-2020,G82071,"NHS ENGLAND SOUTH EAST (KENT, SURREY AND SUSSEX)",WHITSTABLE MEDICAL PRACTICE,0,0,2137,0,0,0,0,0,0,0,0,0
MSitAE-MARCH-2020,RGT,NHS ENGLAND EAST OF ENGLAND (EAST),CAMBRIDGE UNIVERSITY HOSPITALS NHS FOUNDATION TRUST,7248,0,3362,0,0,0,184,0,2225,0,46,463
MSitAE-MARCH-2020,ARN02,NHS ENGLAND NORTH EAST AND YORKSHIRE (YORKSHIRE AND HUMBER),ST.GEORGE'S CENTRE,0,0,1880,0,0,20,0,0,0,0,0,0
MSitAE-MARCH-2020,RAN,NHS ENGLAND LONDON,ROYAL NATIONAL ORTHOPAEDIC HOSPITAL NHS TRUST,0,0,0,0,0,0,0,0,0,0,0,78
MSitAE-MARCH-2020,NNFA7,NHS ENGLAND NORTH EAST AND YORKSHIRE (YORKSHIRE AND HUMBER),GOOLE & DISTRICT HOSPITAL,0,0,1118,0,0,3,0,0,0,0,0,0
MSitAE-MARCH-2020,NNF76,NHS ENGLAND NORTH EAST AND YORKSHIRE (YORKSHIRE AND HUMBER),THE WILBERFORCE HEALTH CENTRE,0,0,2232,0,0,0,0,0,0,0,0,0
MSitAE-MARCH-2020,RNU,"NHS ENGLAND SOUTH EAST (HAMPSHIRE, ISLE OF WIGHT AND THAMES VALLEY)",OXFORD HEALTH NHS FOUNDATION TRUST,0,0,2124,0,0,57,0,0,0,0,0,0
MSitAE-MARCH-2020,RHU,"NHS ENGLAND SOUTH EAST (HAMPSHIRE, ISLE OF WIGHT AND THAMES VALLEY)",PORTSMOUTH HOSPITALS NHS TRUST,8208,513,1401,0,0,0,554,0,2802,0,0,1325
MSitAE-MARCH-2020,NNF09,NHS ENGLAND NORTH EAST AND YORKSHIRE (YORKSHIRE AND HUMBER),BRANSHOLME HEALTH CENTRE,0,0,2124,0,0,38,0,0,0,0,0,0
MSitAE-MARCH-2020,ARN03,NHS ENGLAND NORTH EAST AND YORKSHIRE (YORKSHIRE AND HUMBER),LOCAL CARE DIRECT,0,0,1931,0,0,0,0,0,0,0,0,0
MSitAE-MARCH-2020,RCU,NHS ENGLAND NORTH EAST AND YORKSHIRE (YORKSHIRE AND HUMBER),SHEFFIELD CHILDREN'S NHS FOUNDATION TRUST,3772,0,71,161,0,0,2,0,538,0,0,173
MSitAE-MARCH-2020,RXK,NHS ENGLAND MIDLANDS (WEST MIDLANDS),SANDWELL AND WEST BIRMINGHAM HOSPITALS NHS TRUST,10842,762,1788,2745,23,4,507,0,2684,17,0,410
MSitAE-MARCH-2020,RF4,NHS ENGLAND LONDON,"BARKING, HAVERING AND REDBRIDGE UNIVERSITY HOSPITALS NHS TRUST",11691,523,6783,5016,10,182,62,12,3725,0,0,398
MSitAE-MARCH-2020,NNF94,NHS ENGLAND NORTH EAST AND YORKSHIRE (YORKSHIRE AND HUMBER),EAST RIDING COMMUNITY HOSPITAL,0,0,1954,0,0,2,0,0,0,0,0,0
MSitAE-MARCH-2020,Y03051,"NHS ENGLAND SOUTH EAST (KENT, SURREY AND SUSSEX)",HASTINGS MED P & WALKIN,0,0,874,0,0,0,0,0,0,0,0,0
MSitAE-MARCH-2020,Y02816,"NHS ENGLAND SOUTH EAST (KENT, SURREY AND SUSSEX)",EASTBOURNE STATION HEALTH CENTRE,0,0,809,0,0,0,0,0,0,0,0,0
MSitAE-MARCH-2020,REF,NHS ENGLAND SOUTH WEST (SOUTH WEST SOUTH),ROYAL CORNWALL HOSPITALS NHS TRUST,4540,0,7216,943,0,48,292,0,1798,0,30,941
MSitAE-MARCH-2020,RBV,NHS ENGLAND NORTH WEST (GREATER MANCHESTER),THE CHRISTIE NHS FOUNDATION TRUST,0,0,0,0,0,0,0,0,0,0,0,552
MSitAE-MARCH-2020,RV9,NHS ENGLAND NORTH EAST AND YORKSHIRE (YORKSHIRE AND HUMBER),HUMBER TEACHING NHS FOUNDATION TRUST,0,0,370,0,0,0,0,0,0,0,0,0
MSitAE-MARCH-2020,RD3,NHS ENGLAND SOUTH WEST (SOUTH WEST SOUTH),POOLE HOSPITAL NHS FOUNDATION TRUST,4398,0,1295,0,0,0,126,0,1448,0,0,1037
MSitAE-MARCH-2020,RXF,NHS ENGLAND NORTH EAST AND YORKSHIRE (YORKSHIRE AND HUMBER),MID YORKSHIRE HOSPITALS NHS TRUST,13327,0,2979,0,0,0,544,0,3286,0,115,770
MSitAE-MARCH-2020,RAS,NHS ENGLAND LONDON,THE HILLINGDON HOSPITALS NHS FOUNDATION TRUST,4246,0,5281,1727,0,40,583,11,1421,0,0,291
MSitAE-MARCH-2020,RY4,NHS ENGLAND EAST OF ENGLAND (EAST),HERTFORDSHIRE COMMUNITY NHS TRUST,0,0,705,0,0,3,0,0,0,0,0,0
MSitAE-MARCH-2020,RWF,"NHS ENGLAND SOUTH EAST (KENT, SURREY AND SUSSEX)",MAIDSTONE AND TUNBRIDGE WELLS NHS TRUST,10337,0,2146,857,0,2,285,0,3295,0,0,406
MSitAE-MARCH-2020,RYR,"NHS ENGLAND SOUTH EAST (KENT, SURREY AND SUSSEX)",WESTERN SUSSEX HOSPITALS NHS FOUNDATION TRUST,9688,0,0,636,0,0,123,0,3363,0,0,944
MSitAE-MARCH-2020,NLX24,NHS ENGLAND SOUTH WEST (SOUTH WEST NORTH),YATE WEST GATE CENTRE,0,0,1622,0,0,3,0,0,0,0,0,0
MSitAE-MARCH-2020,RJN,NHS ENGLAND NORTH WEST (CHESHIRE AND MERSEYSIDE),EAST CHESHIRE NHS TRUST,3088,0,0,622,0,0,46,0,811,0,0,251
MSitAE-MARCH-2020,Y04538,"NHS ENGLAND SOUTH EAST (HAMPSHIRE, ISLE OF WIGHT AND THAMES VALLEY)",BRACKNELL URGENT CARE CENTRE WIC,0,0,2117,0,0,0,0,0,0,0,0,0
MSitAE-MARCH-2020,RPA,"NHS ENGLAND SOUTH EAST (KENT, SURREY AND SUSSEX)",MEDWAY NHS FOUNDATION TRUST,6255,0,2424,1690,0,88,619,103,1752,0,0,1043
MSitAE-MARCH-2020,RHQ,NHS ENGLAND NORTH EAST AND YORKSHIRE (YORKSHIRE AND HUMBER),SHEFFIELD TEACHING HOSPITALS NHS FOUNDATION TRUST,6989,824,5727,1742,0,41,354,0,2407,0,0,2319
MSitAE-MARCH-2020,REP,NHS ENGLAND NORTH WEST (CHESHIRE AND MERSEYSIDE),LIVERPOOL WOMEN'S NHS FOUNDATION TRUST,0,846,0,0,19,0,0,0,0,67,0,17
MSitAE-MARCH-2020,RL1,NHS ENGLAND MIDLANDS (NORTH MIDLANDS),THE ROBERT JONES AND AGNES HUNT ORTHOPAEDIC HOSPITAL NHS FOUNDATION TRUST,0,0,0,0,0,0,0,0,0,0,0,44
MSitAE-MARCH-2020,RDD,NHS ENGLAND EAST OF ENGLAND (EAST),BASILDON AND THURROCK UNIVERSITY HOSPITALS NHS FOUNDATION TRUST,8712,0,0,1160,0,0,360,0,2652,0,0,178
MSitAE-MARCH-2020,RGR,NHS ENGLAND EAST OF ENGLAND (EAST),WEST SUFFOLK NHS FOUNDATION TRUST,4800,0,220,0,0,0,38,0,1424,0,0,475
MSitAE-MARCH-2020,RAE,NHS ENGLAND NORTH EAST AND YORKSHIRE (YORKSHIRE AND HUMBER),BRADFORD TEACHING HOSPITALS NHS FOUNDATION TRUST,8226,0,767,1472,0,4,420,0,2157,0,68,1165
MSitAE-MARCH-2020,RWE,NHS ENGLAND MIDLANDS (CENTRAL MIDLANDS),UNIVERSITY HOSPITALS OF LEICESTER NHS TRUST,14938,1198,0,4490,15,0,968,5,3979,2,0,2748
MSitAE-MARCH-2020,RY9,NHS ENGLAND LONDON,HOUNSLOW AND RICHMOND COMMUNITY HEALTHCARE NHS TRUST,0,0,2410,0,0,0,0,0,0,0,0,0
MSitAE-MARCH-2020,RLQ,NHS ENGLAND MIDLANDS (WEST MIDLANDS),WYE VALLEY NHS TRUST,4079,0,0,700,0,0,104,0,1211,0,0,164
MSitAE-MARCH-2020,RR7,NHS ENGLAND NORTH EAST AND YORKSHIRE (CUMBRIA AND NORTH EAST),GATESHEAD HEALTH NHS FOUNDATION TRUST,6238,0,1595,951,0,0,250,0,1436,0,0,225
MSitAE-MARCH-2020,RXG,NHS ENGLAND NORTH EAST AND YORKSHIRE (YORKSHIRE AND HUMBER),SOUTH WEST YORKSHIRE PARTNERSHIP NHS FOUNDATION TRUST,0,0,0,0,0,0,0,0,0,0,0,131
MSitAE-MARCH-2020,R0B,NHS ENGLAND NORTH EAST AND YORKSHIRE (CUMBRIA AND NORTH EAST),SOUTH TYNESIDE AND SUNDERLAND NHS FOUNDATION TRUST,10175,1437,4253,2308,32,127,254,0,3471,32,0,740
MSitAE-MARCH-2020,NQT10,"NHS ENGLAND SOUTH EAST (HAMPSHIRE, ISLE OF WIGHT AND THAMES VALLEY)",ASSURA READING LLP,0,0,2097,0,0,83,0,0,0,0,0,0
MSitAE-MARCH-2020,RY7,NHS ENGLAND NORTH WEST (CHESHIRE AND MERSEYSIDE),WIRRAL COMMUNITY HEALTH AND CARE NHS FOUNDATION TRUST,0,0,2927,0,0,25,0,0,0,0,0,0
MSitAE-MARCH-2020,Y02428,NHS ENGLAND EAST OF ENGLAND (EAST),PUTNOE MEDICAL CENTRE WALK IN CENTRE,0,0,1016,0,0,0,0,0,0,0,0,0
MSitAE-MARCH-2020,RJC,NHS ENGLAND MIDLANDS (WEST MIDLANDS),SOUTH WARWICKSHIRE NHS FOUNDATION TRUST,4566,0,453,477,0,0,5,0,1452,0,0,221
MSitAE-MARCH-2020,RJR,NHS ENGLAND NORTH WEST (CHESHIRE AND MERSEYSIDE),COUNTESS OF CHESTER HOSPITAL NHS FOUNDATION TRUST,4644,0,383,812,0,0,278,0,1402,0,0,732
MSitAE-MARCH-2020,DD401,NHS ENGLAND SOUTH WEST (SOUTH WEST SOUTH),EXMOUTH MINOR INJURY UNIT,0,0,725,0,0,0,0,0,0,0,0,0
MSitAE-MARCH-2020,RFF,NHS ENGLAND NORTH EAST AND YORKSHIRE (YORKSHIRE AND HUMBER),BARNSLEY HOSPITAL NHS FOUNDATION TRUST,6566,0,0,589,0,0,45,0,1932,0,0,376
MSitAE-MARCH-2020,NQ106,NHS ENGLAND EAST OF ENGLAND (EAST),FRYATT HOSPITAL,0,0,390,0,0,0,0,0,0,0,0,0
MSitAE-MARCH-2020,RBZ,NHS ENGLAND SOUTH WEST (SOUTH WEST SOUTH),NORTHERN DEVON HEALTHCARE NHS TRUST,2883,0,588,471,0,0,113,0,918,0,0,387
MSitAE-MARCH-2020,NQ108,NHS ENGLAND EAST OF ENGLAND (EAST),CLACTON HOSPITAL,0,0,1919,0,0,0,0,0,0,0,0,0
MSitAE-MARCH-2020,Y03571,NHS ENGLAND MIDLANDS (CENTRAL MIDLANDS),CORBY URGENT CARE CENTRE,0,0,4503,0,0,9,0,0,0,0,0,0
MSitAE-MARCH-2020,RBK,NHS ENGLAND MIDLANDS (WEST MIDLANDS),WALSALL HEALTHCARE NHS TRUST,5675,0,2634,1870,0,0,254,1,2113,0,0,601
MSitAE-MARCH-2020,RNA,NHS ENGLAND MIDLANDS (WEST MIDLANDS),THE DUDLEY GROUP NHS FOUNDATION TRUST,6652,0,3959,1573,0,94,536,8,2180,0,0,707
MSitAE-MARCH-2020,RRK,NHS ENGLAND MIDLANDS (WEST MIDLANDS),UNIVERSITY HOSPITALS BIRMINGHAM NHS FOUNDATION TRUST,23800,0,3118,8785,0,45,3156,1,8573,0,965,2429
MSitAE-MARCH-2020,NTPAD,"NHS ENGLAND SOUTH EAST (HAMPSHIRE, ISLE OF WIGHT AND THAMES VALLEY)",ST MARY'S NHS TREATMENT CENTRE,0,0,3597,0,0,52,0,0,0,0,0,0
MSitAE-MARCH-2020,RN5,"NHS ENGLAND SOUTH EAST (HAMPSHIRE, ISLE OF WIGHT AND THAMES VALLEY)",HAMPSHIRE HOSPITALS NHS FOUNDATION TRUST,8514,0,692,2108,0,4,963,2,2521,0,0,839
MSitAE-MARCH-2020,NNJ14,NHS ENGLAND MIDLANDS (CENTRAL MIDLANDS),OADBY,0,0,1656,0,0,0,0,0,0,0,0,0
MSitAE-MARCH-2020,RC9,NHS ENGLAND EAST OF ENGLAND (EAST),LUTON AND DUNSTABLE UNIVERSITY HOSPITAL NHS FOUNDATION TRUST,6885,0,2767,0,0,0,39,0,2448,0,0,862
MSitAE-MARCH-2020,RAP,NHS ENGLAND LONDON,NORTH MIDDLESEX UNIVERSITY HOSPITAL NHS TRUST,7663,342,4033,2720,0,212,1139,6,1834,0,0,206
MSitAE-MARCH-2020,RJ2,NHS ENGLAND LONDON,LEWISHAM AND GREENWICH NHS TRUST,10813,0,7529,3245,0,203,727,38,3424,0,0,551
MSitAE-MARCH-2020,RJ6,NHS ENGLAND LONDON,CROYDON HEALTH SERVICES NHS TRUST,6376,0,7657,2613,0,69,721,0,1504,0,0,152
MSitAE-MARCH-2020,NNJ0H,NHS ENGLAND MIDLANDS (CENTRAL MIDLANDS),LLR EA - THE MERLYN VAZ HEALTH & SOCIAL CARE CENTRE,0,0,1343,0,0,0,0,0,0,0,0,0
MSitAE-MARCH-2020,RFR,NHS ENGLAND NORTH EAST AND YORKSHIRE (YORKSHIRE AND HUMBER),THE ROTHERHAM NHS FOUNDATION TRUST,6080,0,0,0,0,0,386,0,1316,0,0,116
MSitAE-MARCH-2020,RA4,NHS ENGLAND SOUTH WEST (SOUTH WEST SOUTH),YEOVIL DISTRICT HOSPITAL NHS FOUNDATION TRUST,3756,0,0,195,0,0,7,0,1239,0,0,365
MSitAE-MARCH-2020,RGN,NHS ENGLAND EAST OF ENGLAND (EAST),NORTH WEST ANGLIA NHS FOUNDATION TRUST,10506,0,568,1892,0,0,185,0,3228,0,0,1438
MSitAE-MARCH-2020,RXW,NHS ENGLAND MIDLANDS (NORTH MIDLANDS),SHREWSBURY AND TELFORD HOSPITAL NHS TRUST,7341,0,1048,2398,0,17,614,94,1997,0,44,1613
MSitAE-MARCH-2020,NJS05,NHS ENGLAND MIDLANDS (CENTRAL MIDLANDS),LOUGHBOROUGH URGENT CARE CENTRE,0,0,4094,0,0,33,0,0,0,0,0,0
MSitAE-MARCH-2020,NNJ15,NHS ENGLAND MIDLANDS (CENTRAL MIDLANDS),OAKHAM,0,0,244,0,0,0,0,0,0,0,0,0
MSitAE-MARCH-2020,RH8,NHS ENGLAND SOUTH WEST (SOUTH WEST SOUTH),ROYAL DEVON AND EXETER NHS FOUNDATION TRUST,5896,0,1915,1317,0,1,149,7,1600,0,0,1560
MSitAE-MARCH-2020,RTF,NHS ENGLAND NORTH EAST AND YORKSHIRE (CUMBRIA AND NORTH EAST),NORTHUMBRIA HEALTHCARE NHS FOUNDATION TRUST,7044,0,6712,334,0,75,0,0,4374,0,60,659
MSitAE-MARCH-2020,RL4,NHS ENGLAND MIDLANDS (WEST MIDLANDS),THE ROYAL WOLVERHAMPTON NHS TRUST,9342,0,5412,2634,0,47,683,15,2197,0,0,731
MSitAE-MARCH-2020,RXL,NHS ENGLAND NORTH WEST (LANCASHIRE AND SOUTH CUMBRIA),BLACKPOOL TEACHING HOSPITALS NHS FOUNDATION TRUST,4794,0,8364,1207,0,10,446,28,2052,0,0,738
MSitAE-MARCH-2020,NLW,NHS ENGLAND SOUTH WEST (SOUTH WEST NORTH),BRISTOL COMMUNITY HEALTH,0,0,3167,0,0,13,0,0,0,0,0,0
MSitAE-MARCH-2020,RBS,NHS ENGLAND NORTH WEST (CHESHIRE AND MERSEYSIDE),ALDER HEY CHILDREN'S NHS FOUNDATION TRUST,3954,0,0,414,0,0,0,0,693,174,0,0
MSitAE-MARCH-2020,RXQ,"NHS ENGLAND SOUTH EAST (HAMPSHIRE, ISLE OF WIGHT AND THAMES VALLEY)",BUCKINGHAMSHIRE HEALTHCARE NHS TRUST,5231,892,2731,1456,0,11,279,0,2543,691,0,577
MSitAE-MARCH-2020,RTD,NHS ENGLAND NORTH EAST AND YORKSHIRE (CUMBRIA AND NORTH EAST),THE NEWCASTLE UPON TYNE HOSPITALS NHS FOUNDATION TRUST,8093,1238,5688,641,12,0,31,0,2702,18,6,2131
MSitAE-MARCH-2020,RNS,NHS ENGLAND MIDLANDS (CENTRAL MIDLANDS),NORTHAMPTON GENERAL HOSPITAL NHS TRUST,6539,685,996,1563,7,2,368,0,2016,0,0,864
MSitAE-MARCH-2020,AXG,NHS ENGLAND SOUTH WEST (SOUTH WEST NORTH),WILTSHIRE HEALTH & CARE,0,0,1889,0,0,12,0,0,0,0,0,0
MSitAE-MARCH-2020,NNJ12,NHS ENGLAND MIDLANDS (CENTRAL MIDLANDS),MARKET HARBOROUGH,0,0,324,0,0,0,0,0,0,0,0,0
MSitAE-MARCH-2020,RWP,NHS ENGLAND MIDLANDS (WEST MIDLANDS),WORCESTERSHIRE ACUTE HOSPITALS NHS TRUST,8731,0,3911,2789,0,7,688,26,2963,0,0,746
MSitAE-MARCH-2020,DT301,NHS ENGLAND EAST OF ENGLAND (EAST),HERTS URGENT CARE (ASCOTS LANE),0,0,1357,0,0,0,0,0,0,0,0,0
MSitAE-MARCH-2020,R1F,"NHS ENGLAND SOUTH EAST (HAMPSHIRE, ISLE OF WIGHT AND THAMES VALLEY)",ISLE OF WIGHT NHS TRUST,2117,0,1580,708,0,3,211,1,714,0,0,129
MSitAE-MARCH-2020,RP6,NHS ENGLAND LONDON,MOORFIELDS EYE HOSPITAL NHS FOUNDATION TRUST,0,4778,0,0,13,0,0,0,0,13,0,151
MSitAE-MARCH-2020,NNJ13,NHS ENGLAND MIDLANDS (CENTRAL MIDLANDS),MELTON MOWBRAY,0,0,247,0,0,0,0,0,0,0,0,0
MSitAE-MARCH-2020,RFS,NHS ENGLAND MIDLANDS (NORTH MIDLANDS),CHESTERFIELD ROYAL HOSPITAL NHS FOUNDATION TRUST,4960,0,1176,1230,0,0,206,0,1984,0,0,606
MSitAE-MARCH-2020,RTK,"NHS ENGLAND SOUTH EAST (KENT, SURREY AND SUSSEX)",ASHFORD AND ST PETER'S HOSPITALS NHS FOUNDATION TRUST,7014,0,0,1797,0,0,276,4,1524,0,0,301
MSitAE-MARCH-2020,RRF,NHS ENGLAND NORTH WEST (GREATER MANCHESTER),"WRIGHTINGTON, WIGAN AND LEIGH NHS FOUNDATION TRUST",5634,0,3050,1210,0,11,373,8,2072,0,0,115
MSitAE-MARCH-2020,Y02147,NHS ENGLAND LONDON,URGENT CARE CENTRE (QMS),0,0,5774,0,0,103,0,0,0,0,0,0
MSitAE-MARCH-2020,RJ7,NHS ENGLAND LONDON,ST GEORGE'S UNIVERSITY HOSPITALS NHS FOUNDATION TRUST,9498,0,887,2166,0,0,332,3,2408,0,0,647
MSitAE-MARCH-2020,RRV,NHS ENGLAND LONDON,UNIVERSITY COLLEGE LONDON HOSPITALS NHS FOUNDATION TRUST,8028,0,0,1439,0,0,318,2,1446,0,0,280
MSitAE-MARCH-2020,RWD,NHS ENGLAND MIDLANDS (CENTRAL MIDLANDS),UNITED LINCOLNSHIRE HOSPITALS NHS TRUST,9844,0,3290,3432,0,14,688,0,3319,0,0,840
MSitAE-MARCH-2020,RDZ,NHS ENGLAND SOUTH WEST (SOUTH WEST SOUTH),THE ROYAL BOURNEMOUTH AND CHRISTCHURCH HOSPITALS NHS FOUNDATION TRUST,5247,1090,620,1379,0,0,145,0,2107,8,0,637
MSitAE-MARCH-2020,RNN,NHS ENGLAND NORTH EAST AND YORKSHIRE (CUMBRIA AND NORTH EAST),NORTH CUMBRIA INTEGRATED CARE NHS FOUNDATION TRUST,5857,0,1074,1134,0,2,249,23,1786,0,0,614
MSitAE-MARCH-2020,RTH,"NHS ENGLAND SOUTH EAST (HAMPSHIRE, ISLE OF WIGHT AND THAMES VALLEY)",OXFORD UNIVERSITY HOSPITALS NHS FOUNDATION TRUST,8990,1140,278,2061,0,1,369,0,2793,91,15,2830
MSitAE-MARCH-2020,RTR,NHS ENGLAND NORTH EAST AND YORKSHIRE (CUMBRIA AND NORTH EAST),SOUTH TEES HOSPITALS NHS FOUNDATION TRUST,7087,0,3099,1569,0,7,637,3,1702,0,79,1699
MSitAE-MARCH-2020,RVR,NHS ENGLAND LONDON,EPSOM AND ST HELIER UNIVERSITY HOSPITALS NHS TRUST,9330,279,707,1932,0,0,605,3,2425,1,0,173
MSitAE-MARCH-2020,RR8,NHS ENGLAND NORTH EAST AND YORKSHIRE (YORKSHIRE AND HUMBER),LEEDS TEACHING HOSPITALS NHS TRUST,12763,0,5726,2744,0,3,765,0,3802,0,0,1093
MSitAE-MARCH-2020,RJ1,NHS ENGLAND LONDON,GUY'S AND ST THOMAS' NHS FOUNDATION TRUST,9179,527,2047,2048,0,1,194,0,2710,0,0,605
MSitAE-MARCH-2020,RVJ,NHS ENGLAND SOUTH WEST (SOUTH WEST NORTH),NORTH BRISTOL NHS TRUST,6422,0,0,1274,0,0,397,2,2649,0,0,1273
MSitAE-MARCH-2020,RKB,NHS ENGLAND MIDLANDS (WEST MIDLANDS),UNIVERSITY HOSPITALS COVENTRY AND WARWICKSHIRE NHS TRUST,9458,1429,4695,2887,2,28,431,0,3457,68,7,623
MSitAE-MARCH-2020,RBA,NHS ENGLAND SOUTH WEST (SOUTH WEST SOUTH),TAUNTON AND SOMERSET NHS FOUNDATION TRUST,4731,0,0,745,0,0,30,0,1700,0,0,948
MSitAE-MARCH-2020,RBN,NHS ENGLAND NORTH WEST (CHESHIRE AND MERSEYSIDE),ST HELENS AND KNOWSLEY TEACHING HOSPITALS NHS TRUST,7835,0,3184,2034,0,33,168,0,3592,0,0,295
MSitAE-MARCH-2020,RJ8,NHS ENGLAND SOUTH WEST (SOUTH WEST SOUTH),CORNWALL PARTNERSHIP NHS FOUNDATION TRUST,0,0,0,0,0,0,0,0,0,0,2,26
MSitAE-MARCH-2020,AC008,NHS ENGLAND NORTH WEST (LANCASHIRE AND SOUTH CUMBRIA),ROSSENDALE MINOR INJURIES UNIT,0,0,653,0,0,2,0,0,0,0,0,0
MSitAE-MARCH-2020,RBT,NHS ENGLAND NORTH WEST (CHESHIRE AND MERSEYSIDE),MID CHESHIRE HOSPITALS NHS FOUNDATION TRUST,4911,0,1462,887,0,3,134,0,2151,0,0,768
MSitAE-MARCH-2020,RWA,NHS ENGLAND NORTH EAST AND YORKSHIRE (YORKSHIRE AND HUMBER),HULL UNIVERSITY TEACHING HOSPITALS NHS TRUST,8819,0,0,2496,0,0,510,0,2318,0,0,1250
MSitAE-MARCH-2020,RHW,"NHS ENGLAND SOUTH EAST (HAMPSHIRE, ISLE OF WIGHT AND THAMES VALLEY)",ROYAL BERKSHIRE NHS FOUNDATION TRUST,7683,1243,0,1385,17,0,255,0,2514,0,0,403
MSitAE-MARCH-2020,R0A,NHS ENGLAND NORTH WEST (GREATER MANCHESTER),MANCHESTER UNIVERSITY NHS FOUNDATION TRUST,16618,2726,5765,4979,44,21,1002,0,4991,139,91,1036
MSitAE-MARCH-2020,RY5,NHS ENGLAND MIDLANDS (CENTRAL MIDLANDS),LINCOLNSHIRE COMMUNITY HEALTH SERVICES NHS TRUST,0,0,7064,0,0,93,0,0,0,0,0,3
MSitAE-MARCH-2020,RTE,NHS ENGLAND SOUTH WEST (SOUTH WEST NORTH),GLOUCESTERSHIRE HOSPITALS NHS FOUNDATION TRUST,9721,0,0,2087,0,0,472,0,2835,0,0,762
MSitAE-MARCH-2020,RJZ,NHS ENGLAND LONDON,KING'S COLLEGE HOSPITAL NHS FOUNDATION TRUST,11690,0,6248,4327,0,339,884,43,3663,0,0,323
MSitAE-MARCH-2020,RNQ,NHS ENGLAND MIDLANDS (CENTRAL MIDLANDS),KETTERING GENERAL HOSPITAL NHS FOUNDATION TRUST,5904,0,0,0,0,0,194,0,1754,0,0,450
MSitAE-MARCH-2020,RCD,NHS ENGLAND NORTH EAST AND YORKSHIRE (YORKSHIRE AND HUMBER),HARROGATE AND DISTRICT NHS FOUNDATION TRUST,3263,0,439,487,0,0,10,0,914,0,0,392
MSitAE-MARCH-2020,RWX,"NHS ENGLAND SOUTH EAST (HAMPSHIRE, ISLE OF WIGHT AND THAMES VALLEY)",BERKSHIRE HEALTHCARE NHS FOUNDATION TRUST,0,0,1943,0,0,0,0,0,0,0,0,0
MSitAE-MARCH-2020,RJE,NHS ENGLAND MIDLANDS (NORTH MIDLANDS),UNIVERSITY HOSPITALS OF NORTH MIDLANDS NHS TRUST,11132,357,4587,3559,0,48,1015,34,5656,0,0,2524
MSitAE-MARCH-2020,RXP,NHS ENGLAND NORTH EAST AND YORKSHIRE (CUMBRIA AND NORTH EAST),COUNTY DURHAM AND DARLINGTON NHS FOUNDATION TRUST,9336,0,7098,2776,0,0,785,0,3038,0,0,988
MSitAE-MARCH-2020,NDA57,"NHS ENGLAND SOUTH EAST (KENT, SURREY AND SUSSEX)",HASLEMERE MINOR INJURIES UNIT,0,0,381,0,0,1,0,0,0,0,0,1
MSitAE-MARCH-2020,RQM,NHS ENGLAND LONDON,CHELSEA AND WESTMINSTER HOSPITAL NHS FOUNDATION TRUST,12943,0,5775,0,0,0,148,0,2280,0,0,450
MSitAE-MARCH-2020,RQ3,NHS ENGLAND MIDLANDS (WEST MIDLANDS),BIRMINGHAM WOMEN'S AND CHILDREN'S NHS FOUNDATION TRUST,3850,0,0,467,0,0,0,0,735,0,0,162
MSitAE-MARCH-2020,RAJ,NHS ENGLAND EAST OF ENGLAND (EAST),SOUTHEND UNIVERSITY HOSPITAL NHS FOUNDATION TRUST,5626,0,1213,1246,0,27,59,0,2055,0,215,602
MSitAE-MARCH-2020,RH5,NHS ENGLAND SOUTH WEST (SOUTH WEST SOUTH),SOMERSET PARTNERSHIP NHS FOUNDATION TRUST,0,0,5407,0,0,42,0,0,0,0,0,21
MSitAE-MARCH-2020,RKE,NHS ENGLAND LONDON,WHITTINGTON HEALTH NHS TRUST,6565,0,0,1149,0,0,346,6,1040,0,0,73
MSitAE-MARCH-2020,RM3,NHS ENGLAND NORTH WEST (GREATER MANCHESTER),SALFORD ROYAL NHS FOUNDATION TRUST,6811,0,2368,1381,0,0,449,0,2216,0,0,243
MSitAE-MARCH-2020,RAX,NHS ENGLAND LONDON,KINGSTON HOSPITAL NHS FOUNDATION TRUST,5071,773,2613,1206,0,130,205,0,1855,0,358,324
MSitAE-MARCH-2020,RX1,NHS ENGLAND MIDLANDS (NORTH MIDLANDS),NOTTINGHAM UNIVERSITY HOSPITALS NHS TRUST,12048,1115,155,0,0,0,1069,48,3587,0,0,2244
MSitAE-MARCH-2020,RA9,NHS ENGLAND SOUTH WEST (SOUTH WEST SOUTH),TORBAY AND SOUTH DEVON NHS FOUNDATION TRUST,4515,0,1961,903,0,0,83,1,1923,0,0,481
MSitAE-MARCH-2020,RCX,NHS ENGLAND EAST OF ENGLAND (EAST),"THE QUEEN ELIZABETH HOSPITAL, KING'S LYNN, NHS FOUNDATION TRUST",4379,0,0,720,0,0,292,1,1956,0,0,525
MSitAE-MARCH-2020,RD1,NHS ENGLAND SOUTH WEST (SOUTH WEST NORTH),ROYAL UNITED HOSPITALS BATH NHS FOUNDATION TRUST,4773,0,417,1179,0,4,426,0,1894,0,13,1195
MSitAE-MARCH-2020,RJL,NHS ENGLAND NORTH EAST AND YORKSHIRE (YORKSHIRE AND HUMBER),NORTHERN LINCOLNSHIRE AND GOOLE NHS FOUNDATION TRUST,9891,0,0,1869,0,0,449,1,2647,0,0,387
MSitAE-MARCH-2020,RQ8,NHS ENGLAND EAST OF ENGLAND (EAST),MID ESSEX HOSPITAL SERVICES NHS TRUST,6823,0,423,930,0,13,52,2,2162,0,0,618
MSitAE-MARCH-2020,RXN,NHS ENGLAND NORTH WEST (LANCASHIRE AND SOUTH CUMBRIA),LANCASHIRE TEACHING HOSPITALS NHS FOUNDATION TRUST,5177,0,5348,1768,0,21,466,21,2122,0,46,1059
MSitAE-MARCH-2020,RTP,"NHS ENGLAND SOUTH EAST (KENT, SURREY AND SUSSEX)",SURREY AND SUSSEX HEALTHCARE NHS TRUST,6794,0,469,588,0,0,224,0,2156,0,0,464
MSitAE-MARCH-2020,RK9,NHS ENGLAND SOUTH WEST (SOUTH WEST SOUTH),UNIVERSITY HOSPITALS PLYMOUTH NHS TRUST,6466,138,2417,0,0,0,223,36,2391,0,1618,0
MSitAE-MARCH-2020,RWH,NHS ENGLAND EAST OF ENGLAND (EAST),EAST AND NORTH HERTFORDSHIRE NHS TRUST,7123,0,3334,2072,0,0,319,1,2513,0,0,633
MSitAE-MARCH-2020,RCB,NHS ENGLAND NORTH EAST AND YORKSHIRE (YORKSHIRE AND HUMBER),YORK TEACHING HOSPITAL NHS FOUNDATION TRUST,8052,267,4715,2103,0,28,306,0,3336,7,0,1210
MSitAE-MARCH-2020,RDE,NHS ENGLAND EAST OF ENGLAND (EAST),EAST SUFFOLK AND NORTH ESSEX NHS FOUNDATION TRUST,10977,0,3577,1852,0,74,235,0,3822,0,227,1459
MSitAE-MARCH-2020,RWG,NHS ENGLAND EAST OF ENGLAND (EAST),WEST HERTFORDSHIRE HOSPITALS NHS TRUST,7003,0,3219,2332,0,5,516,0,2913,0,0,384
MSitAE-MARCH-2020,R1D,NHS ENGLAND MIDLANDS (NORTH MIDLANDS),SHROPSHIRE COMMUNITY HEALTH NHS TRUST,0,0,1730,0,0,9,0,0,0,0,0,16
MSitAE-MARCH-2020,RTX,NHS ENGLAND NORTH WEST (LANCASHIRE AND SOUTH CUMBRIA),UNIVERSITY HOSPITALS OF MORECAMBE BAY NHS FOUNDATION TRUST,5858,64,1485,1495,0,26,209,14,1800,0,33,847
MSitAE-MARCH-2020,RET,NHS ENGLAND NORTH WEST (CHESHIRE AND MERSEYSIDE),THE WALTON CENTRE NHS FOUNDATION TRUST,0,0,0,0,0,0,0,0,0,0,0,135
MSitAE-MARCH-2020,RMC,NHS ENGLAND NORTH WEST (GREATER MANCHESTER),BOLTON NHS FOUNDATION TRUST,7537,0,697,1739,0,14,268,11,1733,0,32,550
MSitAE-MARCH-2020,RMP,NHS ENGLAND NORTH WEST (GREATER MANCHESTER),TAMESIDE AND GLOSSOP INTEGRATED CARE NHS FOUNDATION TRUST,6050,0,1706,1736,0,0,235,0,1548,0,0,249
MSitAE-MARCH-2020,R1H,NHS ENGLAND LONDON,BARTS HEALTH NHS TRUST,18470,593,11324,5383,1,152,553,3,6121,0,0,1366
MSitAE-MARCH-2020,RY2,NHS ENGLAND NORTH WEST (GREATER MANCHESTER),BRIDGEWATER COMMUNITY HEALTHCARE NHS FOUNDATION TRUST,0,0,2309,0,0,26,0,0,0,0,0,0
MSitAE-MARCH-2020,RVV,"NHS ENGLAND SOUTH EAST (KENT, SURREY AND SUSSEX)",EAST KENT HOSPITALS UNIVERSITY NHS FOUNDATION TRUST,12239,0,2550,2930,0,6,702,0,4102,0,237,1100
MSitAE-MARCH-2020,RA2,"NHS ENGLAND SOUTH EAST (KENT, SURREY AND SUSSEX)",ROYAL SURREY COUNTY HOSPITAL NHS FOUNDATION TRUST,4905,0,0,747,0,0,27,1,1689,0,0,379
MSitAE-MARCH-2020,RHM,"NHS ENGLAND SOUTH EAST (HAMPSHIRE, ISLE OF WIGHT AND THAMES VALLEY)",UNIVERSITY HOSPITAL SOUTHAMPTON NHS FOUNDATION TRUST,7718,1060,0,1674,35,0,126,0,2862,29,0,1290
MSitAE-MARCH-2020,RXC,"NHS ENGLAND SOUTH EAST (KENT, SURREY AND SUSSEX)",EAST SUSSEX HEALTHCARE NHS TRUST,6744,0,1695,1366,0,0,153,0,2842,0,0,586
MSitAE-MARCH-2020,RQW,NHS ENGLAND EAST OF ENGLAND (EAST),THE PRINCESS ALEXANDRA HOSPITAL NHS TRUST,6945,0,0,1411,0,0,274,14,1855,0,10,462
MSitAE-MARCH-2020,RYG,NHS ENGLAND MIDLANDS (WEST MIDLANDS),COVENTRY AND WARWICKSHIRE PARTNERSHIP NHS TRUST,0,0,0,0,0,0,0,0,0,0,5,82
MSitAE-MARCH-2020,RA7,NHS ENGLAND SOUTH WEST (SOUTH WEST NORTH),UNIVERSITY HOSPITALS BRISTOL NHS FOUNDATION TRUST,7586,1582,0,1724,20,0,329,5,2435,9,0,744
MSitAE-MARCH-2020,REM,NHS ENGLAND NORTH WEST (CHESHIRE AND MERSEYSIDE),LIVERPOOL UNIVERSITY HOSPITALS NHS FOUNDATION TRUST,13051,307,6123,2987,0,0,599,0,5316,0,0,1450
MSitAE-MARCH-2020,RVW,NHS ENGLAND NORTH EAST AND YORKSHIRE (CUMBRIA AND NORTH EAST),NORTH TEES AND HARTLEPOOL NHS FOUNDATION TRUST,3342,0,7385,0,0,0,22,0,1239,0,342,1416
MSitAE-MARCH-2020,RD8,NHS ENGLAND EAST OF ENGLAND (EAST),MILTON KEYNES UNIVERSITY HOSPITAL NHS FOUNDATION TRUST,5596,0,2915,1107,0,7,102,0,1213,0,0,432
MSitAE-MARCH-2020,Y03218,NHS ENGLAND LONDON,THE PINN UNREGISTERED WIC,0,0,2529,0,0,0,0,0,0,0,0,0
MSitAE-MARCH-2020,RAT,NHS ENGLAND LONDON,NORTH EAST LONDON NHS FOUNDATION TRUST,0,0,3066,0,0,36,0,0,0,0,0,0
MSitAE-MARCH-2020,RWJ,NHS ENGLAND NORTH WEST (GREATER MANCHESTER),STOCKPORT NHS FOUNDATION TRUST,6533,0,0,1807,0,0,486,17,2089,0,0,758
MSitAE-MARCH-2020,RCF,NHS ENGLAND NORTH EAST AND YORKSHIRE (YORKSHIRE AND HUMBER),AIREDALE NHS FOUNDATION TRUST,4145,434,20,596,0,0,1,0,1285,0,0,612
MSitAE-MARCH-2020,RAL,NHS ENGLAND LONDON,ROYAL FREE LONDON NHS FOUNDATION TRUST,15328,0,2672,3866,0,4,934,139,3462,0,0,813
MSitAE-MARCH-2020,RTV,NHS ENGLAND NORTH WEST (CHESHIRE AND MERSEYSIDE),NORTH WEST BOROUGHS HEALTHCARE NHS FOUNDATION TRUST,0,0,6217,0,0,41,0,0,0,0,0,0
MSitAE-MARCH-2020,RXR,NHS ENGLAND NORTH WEST (LANCASHIRE AND SOUTH CUMBRIA),EAST LANCASHIRE HOSPITALS NHS TRUST,7964,0,4343,1878,0,154,438,14,3230,0,26,952
MSitAE-MARCH-2020,RW4,NHS ENGLAND NORTH WEST (CHESHIRE AND MERSEYSIDE),MERSEY CARE NHS FOUNDATION TRUST,0,0,1477,0,0,0,0,0,0,0,0,121
MSitAE-MARCH-2020,RW6,NHS ENGLAND NORTH WEST (GREATER MANCHESTER),PENNINE ACUTE HOSPITALS NHS TRUST,18344,0,5860,4395,0,166,743,4,5187,0,85,1205
MSitAE-MARCH-2020,NNJ,NHS ENGLAND MIDLANDS (NORTH MIDLANDS),DHU HEALTH CARE C.I.C,0,0,943,0,0,0,0,0,0,0,0,0
MSitAE-MARCH-2020,RYX,NHS ENGLAND LONDON,CENTRAL LONDON COMMUNITY HEALTHCARE NHS TRUST,0,0,9728,0,0,130,0,0,0,0,0,0
MSitAE-MARCH-2020,RWW,NHS ENGLAND NORTH WEST (CHESHIRE AND MERSEYSIDE),WARRINGTON AND HALTON TEACHING HOSPITALS NHS FOUNDATION TRUST,5650,0,1692,1312,0,16,722,0,2415,0,0,212
MSitAE-MARCH-2020,C83023,NHS ENGLAND MIDLANDS (CENTRAL MIDLANDS),SLEAFORD MEDICAL GROUP,0,0,322,0,0,0,0,0,0,0,0,4
MSitAE-MARCH-2020,RN3,NHS ENGLAND SOUTH WEST (SOUTH WEST NORTH),GREAT WESTERN HOSPITALS NHS FOUNDATION TRUST,4544,0,3179,937,0,33,216,80,1847,0,0,1010
MSitAE-MARCH-2020,RA3,NHS ENGLAND SOUTH WEST (SOUTH WEST NORTH),WESTON AREA HEALTH NHS TRUST,3056,0,0,709,0,0,220,41,963,0,0,72
MSitAE-MARCH-2020,RYJ,NHS ENGLAND LONDON,IMPERIAL COLLEGE HEALTHCARE NHS TRUST,7987,2597,6032,0,0,0,716,135,2529,6,0,969
MSitAE-MARCH-2020,RLT,NHS ENGLAND MIDLANDS (WEST MIDLANDS),GEORGE ELIOT HOSPITAL NHS TRUST,4659,0,0,1115,0,0,386,0,1130,0,0,79
MSitAE-MARCH-2020,R1K,NHS ENGLAND LONDON,LONDON NORTH WEST UNIVERSITY HEALTHCARE NHS TRUST,9510,0,10528,3862,0,71,1200,27,4270,0,0,1138
MSitAE-MARCH-2020,RC1,NHS ENGLAND EAST OF ENGLAND (EAST),BEDFORD HOSPITAL NHS TRUST,5061,0,1078,888,0,0,65,0,1671,0,0,235
MSitAE-MARCH-2020,AJN,NHS ENGLAND NORTH EAST AND YORKSHIRE (CUMBRIA AND NORTH EAST),WORKINGTON HEALTH LIMITED,0,0,259,0,0,0,0,0,0,0,0,0
MSitAE-MARCH-2020,RDU,"NHS ENGLAND SOUTH EAST (HAMPSHIRE, ISLE OF WIGHT AND THAMES VALLEY)",FRIMLEY HEALTH NHS FOUNDATION TRUST,15117,0,0,0,0,0,633,0,3894,0,0,1392
MSitAE-MARCH-2020,RK5,NHS ENGLAND MIDLANDS (NORTH MIDLANDS),SHERWOOD FOREST HOSPITALS NHS FOUNDATION TRUST,7105,0,3261,1176,0,96,235,0,2576,0,9,351
MSitAE-MARCH-2020,RBD,NHS ENGLAND SOUTH WEST (SOUTH WEST SOUTH),DORSET COUNTY HOSPITAL NHS FOUNDATION TRUST,3093,0,2951,351,0,7,19,0,1141,0,0,285
MSitAE-MARCH-2020,RXH,"NHS ENGLAND SOUTH EAST (KENT, SURREY AND SUSSEX)",BRIGHTON AND SUSSEX UNIVERSITY HOSPITALS NHS TRUST,10070,803,0,2102,7,0,653,0,2776,22,0,308
MSitAE-MARCH-2020,RP5,NHS ENGLAND NORTH EAST AND YORKSHIRE (YORKSHIRE AND HUMBER),DONCASTER AND BASSETLAW TEACHING HOSPITALS NHS FOUNDATION TRUST,9384,0,3011,1482,0,9,356,0,2640,0,192,765
MSitAE-MARCH-2020,RN7,"NHS ENGLAND SOUTH EAST (KENT, SURREY AND SUSSEX)",DARTFORD AND GRAVESHAM NHS TRUST,7282,0,1191,1440,0,4,331,1,2421,0,0,211
MSitAE-MARCH-2020,RM1,NHS ENGLAND EAST OF ENGLAND (EAST),NORFOLK AND NORWICH UNIVERSITY HOSPITALS NHS FOUNDATION TRUST,8221,0,4392,3025,0,0,794,32,2308,0,0,1526
MSitAE-MARCH-2020,RBL,NHS ENGLAND NORTH WEST (CHESHIRE AND MERSEYSIDE),WIRRAL UNIVERSITY TEACHING HOSPITAL NHS FOUNDATION TRUST,5845,0,2044,2148,0,4,531,21,1645,0,0,1177
MSitAE-MARCH-2020,NMH01,NHS ENGLAND EAST OF ENGLAND (EAST),NORWICH PRACTICES LTD,0,0,0,0,0,0,0,0,0,0,0,0
MSitAE-MARCH-2020,RTG,NHS ENGLAND MIDLANDS (NORTH MIDLANDS),UNIVERSITY HOSPITALS OF DERBY AND BURTON NHS FOUNDATION TRUST,13861,0,7213,5095,0,15,350,0,4332,0,62,1373
MSitAE-MARCH-2020,RDR,"NHS ENGLAND SOUTH EAST (KENT, SURREY AND SUSSEX)",SUSSEX COMMUNITY NHS FOUNDATION TRUST,0,0,6561,0,0,37,1,1,0,0,0,5
,,,Total,1013021,32747,486033,212557,257,3987,50616,1174,319392,1394,5047,102135
